"id","A1_sum","A4_sum","B19_sum","C1_sum","C3_sum","C42.2_sum","C45a_sum","C47a_sum","D1_sum","sample_name","sample_type","collection_latitude","collection_longitude","collection_depth","timepoint","Barcode","full_id","collection_date","coral_species","transplant_group","native_site","transplant_site","native_transplant","home_foreign","parent","transplant_final_site","transplant_initial_site","transplant_group_sampled","transplant_time","dominant_type","minor_type","maj_ITS2","min_ITS2","notes","treatment"
"41DBSS",0,0,0.086716937,0.913283063,0,0,0,0,0,"41DBSS","coral_field",12.07093,-68.8585,1,"T0","B9","41DBSS","22-Jun","Siderastrea siderea","Bay Initial","Bay","Bay","Initial","Initial","41DBSS","Bay","Bay","Bay to Bay","Bay Initial T0","C1","B19","C1","B19","","native"
"42DBSS",0,0,0.07973766,0.92026234,0,0,0,0,0,"42DBSS","coral_field",12.07093,-68.8585,1,"T0","B10","42DBSS","22-Jun","Siderastrea siderea","Bay Initial","Bay","Bay","Initial","Initial","42DBSS","Bay","Bay","Bay to Bay","Bay Initial T0","C1","B19","C1","B19","","native"
"43DBSS",0,0,0.189929329,0,0,0,0,0,0.810070671,"43DBSS","coral_field",12.07093,-68.8585,1,"T0","B11","43DBSS","22-Jun","Siderastrea siderea","Bay Initial","Bay","Bay","Initial","Initial","43DBSS","Bay","Bay","Bay to Bay","Bay Initial T0","D1","B19","D1","B19","","native"
"44DBSS",0,0,0,1,0,0,0,0,0,"44DBSS","coral_field",12.07093,-68.8585,1,"T0","B12","44DBSS","22-Jun","Siderastrea siderea","Bay Initial","Bay","Bay","Initial","Initial","44DBSS","Bay","Bay","Bay to Bay","Bay Initial T0","C1",NA,"C1","N/A","","native"
"45DBSS",0,0,0,0.9707081,0,0,0,0,0.0292919,"45DBSS","coral_field",12.07093,-68.8585,1,"T0","C1","45DBSS","22-Jun","Siderastrea siderea","Bay Initial","Bay","Bay","Initial","Initial","45DBSS","Bay","Bay","Bay to Bay","Bay Initial T0","C1","D1","C1","D1","","native"
"46DBSS",0,0,0,0.120924574,0,0,0,0,0.879075426,"46DBSS","coral_field",12.07093,-68.8585,1,"T0","C2","46DBSS","22-Jun","Siderastrea siderea","Bay Initial","Bay","Bay","Initial","Initial","46DBSS","Bay","Bay","Bay to Bay","Bay Initial T0","D1","C1","D1","C1","","native"
"47DBSS",0,0,0.059897242,0,0,0,0,0,0.940102758,"47DBSS","coral_field",12.07093,-68.8585,1,"T0","C3","47DBSS","22-Jun","Siderastrea siderea","Bay Initial","Bay","Bay","Initial","Initial","47DBSS","Bay","Bay","Bay to Bay","Bay Initial T0","D1","B19","D1","B19","","native"
"48DBSS",0,0,0,0,0,0,0,0,1,"48DBSS","coral_field",12.07093,-68.8585,1,"T0","C4","48DBSS","22-Jun","Siderastrea siderea","Bay Initial","Bay","Bay","Initial","Initial","48DBSS","Bay","Bay","Bay to Bay","Bay Initial T0","D1",NA,"D1","N/A","","native"
"49DBSS",0,0,0,1,0,0,0,0,0,"49DBSS","coral_field",12.07093,-68.8585,1,"T0","C5","49DBSS","22-Jun","Siderastrea siderea","Bay Initial","Bay","Bay","Initial","Initial","49DBSS","Bay","Bay","Bay to Bay","Bay Initial T0","C1",NA,"C1","N/A","","native"
"50DBSS",0,0,0,1,0,0,0,0,0,"50DBSS","coral_field",12.07093,-68.8585,1,"T0","C6","50DBSS","22-Jun","Siderastrea siderea","Bay Initial","Bay","Bay","Initial","Initial","50DBSS","Bay","Bay","Bay to Bay","Bay Initial T0","C1",NA,"C1","N/A","","native"
"51DBPP",0,1,0,0,0,0,0,0,0,"51DBPP","coral_field",12.07093,-68.8585,1,"T0","A1","51DBPP","22-Jun","Porites sp.","Bay Initial","Bay","Bay","Initial","Initial","51DBPP","Bay","Bay","Bay to Bay","Bay Initial T0","A4",NA,"A4","N/A","","native"
"52DBPP",0,1,0,0,0,0,0,0,0,"52DBPP","coral_field",12.07093,-68.8585,1,"T0","A2","52DBPP","22-Jun","Porites sp.","Bay Initial","Bay","Bay","Initial","Initial","52DBPP","Bay","Bay","Bay to Bay","Bay Initial T0","A4",NA,"A4","N/A","","native"
"53DBPP",0,1,0,0,0,0,0,0,0,"53DBPP","coral_field",12.07093,-68.8585,1,"T0","A3","53DBPP","22-Jun","Porites sp.","Bay Initial","Bay","Bay","Initial","Initial","53DBPP","Bay","Bay","Bay to Bay","Bay Initial T0","A4",NA,"A4","N/A","","native"
"54DBPP",0,1,0,0,0,0,0,0,0,"54DBPP","coral_field",12.07093,-68.8585,1,"T0","A4","54DBPP","22-Jun","Porites sp.","Bay Initial","Bay","Bay","Initial","Initial","54DBPP","Bay","Bay","Bay to Bay","Bay Initial T0","A4",NA,"A4","N/A","","native"
"55DBPP",0,1,0,0,0,0,0,0,0,"55DBPP","coral_field",12.07093,-68.8585,1,"T0","A5","55DBPP","22-Jun","Porites sp.","Bay Initial","Bay","Bay","Initial","Initial","55DBPP","Bay","Bay","Bay to Bay","Bay Initial T0","A4",NA,"A4","N/A","","native"
"56DBPP",0,0.88990979,0.11009021,0,0,0,0,0,0,"56DBPP","coral_field",12.07093,-68.8585,1,"T0","A6","56DBPP","22-Jun","Porites sp.","Bay Initial","Bay","Bay","Initial","Initial","56DBPP","Bay","Bay","Bay to Bay","Bay Initial T0","A4","B19","A4","B19","","native"
"57DBPP",0,1,0,0,0,0,0,0,0,"57DBPP","coral_field",12.07093,-68.8585,1,"T0","A7","57DBPP","22-Jun","Porites sp.","Bay Initial","Bay","Bay","Initial","Initial","57DBPP","Bay","Bay","Bay to Bay","Bay Initial T0","A4",NA,"A4","N/A","","native"
"58DBPP",0,1,0,0,0,0,0,0,0,"58DBPP","coral_field",12.07093,-68.8585,1,"T0","A8","58DBPP","22-Jun","Porites sp.","Bay Initial","Bay","Bay","Initial","Initial","58DBPP","Bay","Bay","Bay to Bay","Bay Initial T0","A4",NA,"A4","N/A","","native"
"59DBPP",0,1,0,0,0,0,0,0,0,"59DBPP","coral_field",12.07093,-68.8585,1,"T0","A9","59DBPP","22-Jun","Porites sp.","Bay Initial","Bay","Bay","Initial","Initial","59DBPP","Bay","Bay","Bay to Bay","Bay Initial T0","A4",NA,"A4","N/A","","native"
"60DBPP",0,1,0,0,0,0,0,0,0,"60DBPP","coral_field",12.07093,-68.8585,1,"T0","A10","60DBPP","22-Jun","Porites sp.","Bay Initial","Bay","Bay","Initial","Initial","60DBPP","Bay","Bay","Bay to Bay","Bay Initial T0","A4",NA,"A4","N/A","","native"
"61DRSS",0,0,0,0,1,0,0,0,0,"61DRSS","coral_field",12.06624,-68.86019,5,"T0","A11","61DRSS","22-Jun","Siderastrea siderea","Reef Initial","Reef","Reef","Initial","Initial","61DRSS","Reef","Reef","Reef to Reef","Reef Initial T0","C3",NA,"C3","N/A","","native"
"62DRSS",0,0,0,0,0.744253133,0,0,0,0.255746867,"62DRSS","coral_field",12.06624,-68.86019,5,"T0","A12","62DRSS","22-Jun","Siderastrea siderea","Reef Initial","Reef","Reef","Initial","Initial","62DRSS","Reef","Reef","Reef to Reef","Reef Initial T0","C3","D1","C3","D1","","native"
"63DRSS",0,0,0,0,0,0,0,0,1,"63DRSS","coral_field",12.06624,-68.86019,5,"T0","B1","63DRSS","22-Jun","Siderastrea siderea","Reef Initial","Reef","Reef","Initial","Initial","63DRSS","Reef","Reef","Reef to Reef","Reef Initial T0","D1",NA,"D1","N/A","","native"
"64DRSS",0,0,0,0,0.975371747,0,0,0,0.024628253,"64DRSS","coral_field",12.06624,-68.86019,5,"T0","B2","64DRSS","22-Jun","Siderastrea siderea","Reef Initial","Reef","Reef","Initial","Initial","64DRSS","Reef","Reef","Reef to Reef","Reef Initial T0","C3","D1","C3","D1","","native"
"65DRSS",0,0,0,0,0.811318945,0,0,0,0.188681055,"65DRSS","coral_field",12.06624,-68.86019,5,"T0","B3","65DRSS","22-Jun","Siderastrea siderea","Reef Initial","Reef","Reef","Initial","Initial","65DRSS","Reef","Reef","Reef to Reef","Reef Initial T0","C3","D1","C3","D1","","native"
"66DRSS",0,0,0,0,1,0,0,0,0,"66DRSS","coral_field",12.06624,-68.86019,5,"T0","B4","66DRSS","22-Jun","Siderastrea siderea","Reef Initial","Reef","Reef","Initial","Initial","66DRSS","Reef","Reef","Reef to Reef","Reef Initial T0","C3",NA,"C3","N/A","","native"
"67DRSS",0,0,0,0,1,0,0,0,0,"67DRSS","coral_field",12.06624,-68.86019,5,"T0","B5","67DRSS","22-Jun","Siderastrea siderea","Reef Initial","Reef","Reef","Initial","Initial","67DRSS","Reef","Reef","Reef to Reef","Reef Initial T0","C3",NA,"C3","N/A","","native"
"68DRSS",0,0,0,0,1,0,0,0,0,"68DRSS","coral_field",12.06624,-68.86019,5,"T0","B6","68DRSS","22-Jun","Siderastrea siderea","Reef Initial","Reef","Reef","Initial","Initial","68DRSS","Reef","Reef","Reef to Reef","Reef Initial T0","C3",NA,"C3","N/A","","native"
"69DRSS",0,0,0,0,0.79257472,0,0,0,0.20742528,"69DRSS","coral_field",12.06624,-68.86019,5,"T0","B7","69DRSS","22-Jun","Siderastrea siderea","Reef Initial","Reef","Reef","Initial","Initial","69DRSS","Reef","Reef","Reef to Reef","Reef Initial T0","C3","D1","C3","D1","","native"
"70DRSS",0,0,0,0,0.897452383,0,0,0,0.102547617,"70DRSS","coral_field",12.06624,-68.86019,5,"T0","B8","70DRSS","22-Jun","Siderastrea siderea","Reef Initial","Reef","Reef","Initial","Initial","70DRSS","Reef","Reef","Reef to Reef","Reef Initial T0","C3","D1","C3","D1","","native"
"71DRPP",0,0,0,0,0,1,0,0,0,"71DRPP","coral_field",12.06624,-68.86019,5,"T0","C7","71DRPP","22-Jun","Porites sp.","Reef Initial","Reef","Reef","Initial","Initial","71DRPP","Reef","Reef","Reef to Reef","Reef Initial T0","C42.2",NA,"C42.2","N/A","","native"
"72DRPP",0,0,0,0,0,0,0,1,0,"72DRPP","coral_field",12.06624,-68.86019,5,"T0","C8","72DRPP","22-Jun","Porites sp.","Reef Initial","Reef","Reef","Initial","Initial","72DRPP","Reef","Reef","Reef to Reef","Reef Initial T0","C47a",NA,"C47a","N/A","","native"
"73DRPP",0,0,0,0,0,0,0,1,0,"73DRPP","coral_field",12.06624,-68.86019,5,"T0","C9","73DRPP","22-Jun","Porites sp.","Reef Initial","Reef","Reef","Initial","Initial","73DRPP","Reef","Reef","Reef to Reef","Reef Initial T0","C47a",NA,"C47a","N/A","","native"
"74DRPP",0,0,0,0,0,0,1,0,0,"74DRPP","coral_field",12.06624,-68.86019,5,"T0","C10","74DRPP","22-Jun","Porites sp.","Reef Initial","Reef","Reef","Initial","Initial","74DRPP","Reef","Reef","Reef to Reef","Reef Initial T0","C45a",NA,"C45a","N/A","","native"
"75DRPP",0,0,0,0,0,1,0,0,0,"75DRPP","coral_field",12.06624,-68.86019,5,"T0","C11","75DRPP","22-Jun","Porites sp.","Reef Initial","Reef","Reef","Initial","Initial","75DRPP","Reef","Reef","Reef to Reef","Reef Initial T0","C42.2",NA,"C42.2","N/A","","native"
"76DRPP",0,0,0,0,0,0,0,1,0,"76DRPP","coral_field",12.06624,-68.86019,5,"T0","C12","76DRPP","22-Jun","Porites sp.","Reef Initial","Reef","Reef","Initial","Initial","76DRPP","Reef","Reef","Reef to Reef","Reef Initial T0","C47a",NA,"C47a","N/A","","native"
"77DRPP",0,1,0,0,0,0,0,0,0,"77DRPP","coral_field",12.06624,-68.86019,5,"T0","D1","77DRPP","22-Jun","Porites sp.","Reef Initial","Reef","Reef","Initial","Initial","77DRPP","Reef","Reef","Reef to Reef","Reef Initial T0","A4",NA,"A4","N/A","","native"
"78DRPP",0,0,0,0,0,0,0,1,0,"78DRPP","coral_field",12.06624,-68.86019,5,"T0","D2","78DRPP","22-Jun","Porites sp.","Reef Initial","Reef","Reef","Initial","Initial","78DRPP","Reef","Reef","Reef to Reef","Reef Initial T0","C47a",NA,"C47a","N/A","","native"
"79DRPP",0,0,0,0,0,0,1,0,0,"79DRPP","coral_field",12.06624,-68.86019,5,"T0","D3","79DRPP","22-Jun","Porites sp.","Reef Initial","Reef","Reef","Initial","Initial","79DRPP","Reef","Reef","Reef to Reef","Reef Initial T0","C45a",NA,"C45a","N/A","","native"
"80DRPP",0,0,0,0,0,1,0,0,0,"80DRPP","coral_field",12.06624,-68.86019,5,"T0","D4","80DRPP","22-Jun","Porites sp.","Reef Initial","Reef","Reef","Initial","Initial","80DRPP","Reef","Reef","Reef to Reef","Reef Initial T0","C42.2",NA,"C42.2","N/A","","native"
"A10CW22",0,0,0.13131769,0,0,0,0,0,0.86868231,"A10CW22","coral_field",12.06624,-68.86019,5,"T1","A10","41FRSX","22-Nov","Siderastrea siderea","Bay Transplant","Bay","Reef","Transplant","Foreign","41DBSS","Reef","Bay","Bay to Reef","Bay to Reef T1","D1","B19","D1","B19","","transplant"
"A10CW23",0,0,0,0.392191612,0,0,0,0,0.607808388,"A10CW23","coral_field",12.06624,-68.86019,5,"T2","A10","41FRSY","23-Jun","Siderastrea siderea","Bay Transplant","Bay","Reef","Transplant","Foreign","41DBSS","Reef","Bay","Bay to Reef","Bay to Reef T2",NA,"C1","D1","C1","D1 60% majority","transplant"
"A11CW22",0,0,0.14807031,0,0.053305311,0,0,0,0.798624379,"A11CW22","coral_field",12.06624,-68.86019,5,"T1","A11","42FRSX","22-Nov","Siderastrea siderea","Bay Transplant","Bay","Reef","Transplant","Foreign","42DBSS","Reef","Bay","Bay to Reef","Bay to Reef T1","D1","B19","D1","B19/C3","","transplant"
"A11CW23",0,0,0,0,0,0,0,0,1,"A11CW23","coral_field",12.06624,-68.86019,5,"T2","A11","42FRSY","23-Jun","Siderastrea siderea","Bay Transplant","Bay","Reef","Transplant","Foreign","42DBSS","Reef","Bay","Bay to Reef","Bay to Reef T2","D1",NA,"D1","N/A","","transplant"
"A12CW22",0,0,0,0,0,0,0,0,1,"A12CW22","coral_field",12.06624,-68.86019,5,"T1","A12","43FRSX","22-Nov","Siderastrea siderea","Bay Transplant","Bay","Reef","Transplant","Foreign","43DBSS","Reef","Bay","Bay to Reef","Bay to Reef T1","D1",NA,"D1","N/A","","transplant"
"A12CW23",0,0,0,0,0,0,0,0,1,"A12CW23","coral_field",12.06624,-68.86019,5,"T2","A12","43FRSY","23-Jun","Siderastrea siderea","Bay Transplant","Bay","Reef","Transplant","Foreign","43DBSS","Reef","Bay","Bay to Reef","Bay to Reef T2","D1",NA,"D1","N/A","","transplant"
"A1CW22",0,0.916115454,0.083884546,0,0,0,0,0,0,"A1CW22","coral_field",12.07093,-68.8585,1,"T1","A1","41HBPX","22-Nov","Porites sp.","Bay Native","Bay","Bay","Native","Home","51DBPP","Bay","Bay","Bay to Bay","Bay to Bay T1","A4","B19","A4","B19","","native"
"A1CW23",0,0.807318234,0.192681766,0,0,0,0,0,0,"A1CW23","coral_field",12.07093,-68.8585,1,"T2","A1","41HBPY","23-Jun","Porites sp.","Bay Native","Bay","Bay","Native","Home","51DBPP","Bay","Bay","Bay to Bay","Bay to Bay T2","A4","B19","A4","B19","","native"
"A2CW22",0,1,0,0,0,0,0,0,0,"A2CW22","coral_field",12.07093,-68.8585,1,"T1","A2","42HBPX","22-Nov","Porites sp.","Bay Native","Bay","Bay","Native","Home","52DBPP","Bay","Bay","Bay to Bay","Bay to Bay T1","A4",NA,"A4","N/A","","native"
"A2CW23",0,0.972543234,0.027456766,0,0,0,0,0,0,"A2CW23","coral_field",12.07093,-68.8585,1,"T2","A2","42HBPY","23-Jun","Porites sp.","Bay Native","Bay","Bay","Native","Home","52DBPP","Bay","Bay","Bay to Bay","Bay to Bay T2","A4","B19","A4","B19","","native"
"A3CW22",0,0.905697446,0.094302554,0,0,0,0,0,0,"A3CW22","coral_field",12.07093,-68.8585,1,"T1","A3","43HBPX","22-Nov","Porites sp.","Bay Native","Bay","Bay","Native","Home","53DBPP","Bay","Bay","Bay to Bay","Bay to Bay T1","A4","B19","A4","B19","","native"
"A3CW23",0,0.971822053,0.028177947,0,0,0,0,0,0,"A3CW23","coral_field",12.07093,-68.8585,1,"T2","A3","43HBPY","23-Jun","Porites sp.","Bay Native","Bay","Bay","Native","Home","53DBPP","Bay","Bay","Bay to Bay","Bay to Bay T2","A4","B19","A4","B19","","native"
"A4CW22",0,0.848055904,0.151944096,0,0,0,0,0,0,"A4CW22","coral_field",12.07093,-68.8585,1,"T1","A4","44HBPX","22-Nov","Porites sp.","Bay Native","Bay","Bay","Native","Home","54DBPP","Bay","Bay","Bay to Bay","Bay to Bay T1","A4","B19","A4","B19","","native"
"A4CW23",0,0.900949211,0.099050789,0,0,0,0,0,0,"A4CW23","coral_field",12.07093,-68.8585,1,"T2","A4","44HBPY","23-Jun","Porites sp.","Bay Native","Bay","Bay","Native","Home","54DBPP","Bay","Bay","Bay to Bay","Bay to Bay T2","A4","B19","A4","B19","","native"
"A5CW22",0,1,0,0,0,0,0,0,0,"A5CW22","coral_field",12.07093,-68.8585,1,"T1","A5","45HBPX","22-Nov","Porites sp.","Bay Native","Bay","Bay","Native","Home","55DBPP","Bay","Bay","Bay to Bay","Bay to Bay T1","A4",NA,"A4","N/A","","native"
"A5CW23",0,0.816926722,0.183073278,0,0,0,0,0,0,"A5CW23","coral_field",12.07093,-68.8585,1,"T2","A5","45HBPY","23-Jun","Porites sp.","Bay Native","Bay","Bay","Native","Home","55DBPP","Bay","Bay","Bay to Bay","Bay to Bay T2","A4","B19","A4","B19","","native"
"A6CW22",0,0.901389101,0.098610899,0,0,0,0,0,0,"A6CW22","coral_field",12.07093,-68.8585,1,"T1","A6","46HBPX","22-Nov","Porites sp.","Bay Native","Bay","Bay","Native","Home","56DBPP","Bay","Bay","Bay to Bay","Bay to Bay T1","A4","B19","A4","B19","","native"
"A6CW23",0,0.945938999,0.054061001,0,0,0,0,0,0,"A6CW23","coral_field",12.07093,-68.8585,1,"T2","A6","46HBPY","23-Jun","Porites sp.","Bay Native","Bay","Bay","Native","Home","56DBPP","Bay","Bay","Bay to Bay","Bay to Bay T2","A4","B19","A4","B19","","native"
"A7CW22",0,0.949452954,0.050547046,0,0,0,0,0,0,"A7CW22","coral_field",12.07093,-68.8585,1,"T1","A7","47HBPX","22-Nov","Porites sp.","Bay Native","Bay","Bay","Native","Home","57DBPP","Bay","Bay","Bay to Bay","Bay to Bay T1","A4","B19","A4","B19","","native"
"A7CW23",0,0.964549101,0.035450899,0,0,0,0,0,0,"A7CW23","coral_field",12.07093,-68.8585,1,"T2","A7","47HBPY","23-Jun","Porites sp.","Bay Native","Bay","Bay","Native","Home","57DBPP","Bay","Bay","Bay to Bay","Bay to Bay T2","A4","B19","A4","B19","","native"
"A8CW22",0,1,0,0,0,0,0,0,0,"A8CW22","coral_field",12.07093,-68.8585,1,"T1","A8","48HBPX","22-Nov","Porites sp.","Bay Native","Bay","Bay","Native","Home","58DBPP","Bay","Bay","Bay to Bay","Bay to Bay T1","A4",NA,"A4","N/A","","native"
"A8CW23",0,0.927001067,0.072998933,0,0,0,0,0,0,"A8CW23","coral_field",12.07093,-68.8585,1,"T2","A8","48HBPY","23-Jun","Porites sp.","Bay Native","Bay","Bay","Native","Home","58DBPP","Bay","Bay","Bay to Bay","Bay to Bay T2","A4","B19","A4","N/A","","native"
"A9CW22",0,1,0,0,0,0,0,0,0,"A9CW22","coral_field",12.07093,-68.8585,1,"T1","A9","49HBPX","22-Nov","Porites sp.","Bay Native","Bay","Bay","Native","Home","59DBPP","Bay","Bay","Bay to Bay","Bay to Bay T1","A4",NA,"A4","N/A","","native"
"A9CW23",0,0.941554322,0.058445678,0,0,0,0,0,0,"A9CW23","coral_field",12.07093,-68.8585,1,"T2","A9","49HBPY","23-Jun","Porites sp.","Bay Native","Bay","Bay","Native","Home","59DBPP","Bay","Bay","Bay to Bay","Bay to Bay T2","A4","B19","A4","N/A","","native"
"B10CW22",0,0,0.149003851,0,0,0,0,0,0.850996149,"B10CW22","coral_field",12.07093,-68.8585,1,"T1","B10","53HBSX","22-Nov","Siderastrea siderea","Bay Native","Bay","Bay","Native","Home","43DBSS","Bay","Bay","Bay to Bay","Bay to Bay T1","D1","B19","D1","B19","","native"
"B10CW23",0,0,0.095820225,0,0,0,0,0,0.904179775,"B10CW23","coral_field",12.07093,-68.8585,1,"T2","B10","53HBSY","23-Jun","Siderastrea siderea","Bay Native","Bay","Bay","Native","Home","43DBSS","Bay","Bay","Bay to Bay","Bay to Bay T2","D1","B19","D1","B19","","native"
"B11CW22",0,0,0,0.984861916,0,0,0,0,0.015138084,"B11CW22","coral_field",12.07093,-68.8585,1,"T1","B11","54HBSX","22-Nov","Siderastrea siderea","Bay Native","Bay","Bay","Native","Home","44DBSS","Bay","Bay","Bay to Bay","Bay to Bay T1","C1","D1","C1","D1","","native"
"B11CW23",0,0,0,1,0,0,0,0,0,"B11CW23","coral_field",12.07093,-68.8585,1,"T2","B11","54HBSY","23-Jun","Siderastrea siderea","Bay Native","Bay","Bay","Native","Home","44DBSS","Bay","Bay","Bay to Bay","Bay to Bay T2","C1",NA,"C1","D1","","native"
"B12CW22",0,0,0,0.917595796,0,0,0,0,0.082404204,"B12CW22","coral_field",12.07093,-68.8585,1,"T1","B12","55HBSX","22-Nov","Siderastrea siderea","Bay Native","Bay","Bay","Native","Home","45DBSS","Bay","Bay","Bay to Bay","Bay to Bay T1","C1","D1","C1","D1","","native"
"B12CW23",0,0,0,0.966175056,0,0,0,0,0.033824944,"B12CW23","coral_field",12.07093,-68.8585,1,"T2","B12","55HBSY","23-Jun","Siderastrea siderea","Bay Native","Bay","Bay","Native","Home","45DBSS","Bay","Bay","Bay to Bay","Bay to Bay T2","C1","D1","C1","D1","","native"
"B1CW22",0,0,0,0,0,0,0,0,1,"B1CW22","coral_field",12.06624,-68.86019,5,"T1","B1","44FRSX","22-Nov","Siderastrea siderea","Bay Transplant","Bay","Reef","Transplant","Foreign","44DBSS","Reef","Bay","Bay to Reef","Bay to Reef T1","D1",NA,"D1","N/A","","transplant"
"B1CW23",0,0,0,0,0,0,0,0,1,"B1CW23","coral_field",12.06624,-68.86019,5,"T2","B1","44FRSY","23-Jun","Siderastrea siderea","Bay Transplant","Bay","Reef","Transplant","Foreign","44DBSS","Reef","Bay","Bay to Reef","Bay to Reef T2","D1",NA,"D1","N/A","","transplant"
"B2CW22",0,0,0,0,0,0,0,0,1,"B2CW22","coral_field",12.06624,-68.86019,5,"T1","B2","45FRSX","22-Nov","Siderastrea siderea","Bay Transplant","Bay","Reef","Transplant","Foreign","45DBSS","Reef","Bay","Bay to Reef","Bay to Reef T1","D1",NA,"D1","N/A","","transplant"
"B2CW23",0,0,0,0,0,0,0,0,1,"B2CW23","coral_field",12.06624,-68.86019,5,"T2","B2","45FRSY","23-Jun","Siderastrea siderea","Bay Transplant","Bay","Reef","Transplant","Foreign","45DBSS","Reef","Bay","Bay to Reef","Bay to Reef T2","D1",NA,"D1","N/A","","transplant"
"B3CW22",0,0,0,0,0,0,0,0,1,"B3CW22","coral_field",12.06624,-68.86019,5,"T1","B3","46FRSX","22-Nov","Siderastrea siderea","Bay Transplant","Bay","Reef","Transplant","Foreign","46DBSS","Reef","Bay","Bay to Reef","Bay to Reef T1","D1",NA,"D1","N/A","","transplant"
"B3CW23",0,0,0.053475936,0.3332104,0,0,0,0,0.613313664,"B3CW23","coral_field",12.06624,-68.86019,5,"T2","B3","46FRSY","23-Jun","Siderastrea siderea","Bay Transplant","Bay","Reef","Transplant","Foreign","46DBSS","Reef","Bay","Bay to Reef","Bay to Reef T2",NA,"B19","D1","C1/B19","D1 60% majority","transplant"
"B4CW22",0,0,0,0.046870717,0,0,0,0,0.953129283,"B4CW22","coral_field",12.06624,-68.86019,5,"T1","B4","47FRSX","22-Nov","Siderastrea siderea","Bay Transplant","Bay","Reef","Transplant","Foreign","47DBSS","Reef","Bay","Bay to Reef","Bay to Reef T1","D1","C1","D1","C1","","transplant"
"B4CW23",0,0,0.071969273,0.044412127,0,0,0,0,0.8836186,"B4CW23","coral_field",12.06624,-68.86019,5,"T2","B4","47FRSY","23-Jun","Siderastrea siderea","Bay Transplant","Bay","Reef","Transplant","Foreign","47DBSS","Reef","Bay","Bay to Reef","Bay to Reef T2","D1","B19","D1","C1/B19","","transplant"
"B5CW22",0,0,0,0,0,0,0,0,1,"B5CW22","coral_field",12.06624,-68.86019,5,"T1","B5","48FRSX","22-Nov","Siderastrea siderea","Bay Transplant","Bay","Reef","Transplant","Foreign","48DBSS","Reef","Bay","Bay to Reef","Bay to Reef T1","D1",NA,"D1","N/A","","transplant"
"B5CW23",0,0,0.028921885,0.094899935,0,0,0,0,0.876178179,"B5CW23","coral_field",12.06624,-68.86019,5,"T2","B5","48FRSY","23-Jun","Siderastrea siderea","Bay Transplant","Bay","Reef","Transplant","Foreign","48DBSS","Reef","Bay","Bay to Reef","Bay to Reef T2","D1","B19","D1","C1/B19","","transplant"
"B6CW22",0,0,0.10662667,0,0,0,0,0,0.89337333,"B6CW22","coral_field",12.06624,-68.86019,5,"T1","B6","49FRSX","22-Nov","Siderastrea siderea","Bay Transplant","Bay","Reef","Transplant","Foreign","49DBSS","Reef","Bay","Bay to Reef","Bay to Reef T1","D1","B19","D1","B19","","transplant"
"B6CW23",0,0,0.12625538,0,0,0,0,0,0.87374462,"B6CW23","coral_field",12.06624,-68.86019,5,"T2","B6","49FRSY","23-Jun","Siderastrea siderea","Bay Transplant","Bay","Reef","Transplant","Foreign","49DBSS","Reef","Bay","Bay to Reef","Bay to Reef T2","D1","B19","D1","B19","","transplant"
"B7CW22",0,0,0,0,0,0,0,0,1,"B7CW22","coral_field",12.06624,-68.86019,5,"T1","B7","50FRSX","22-Nov","Siderastrea siderea","Bay Transplant","Bay","Reef","Transplant","Foreign","50DBSS","Reef","Bay","Bay to Reef","Bay to Reef T1","D1",NA,"D1","N/A","","transplant"
"B7CW23",0,0,0,0,0,0,0,0,1,"B7CW23","coral_field",12.06624,-68.86019,5,"T2","B7","50FRSY","23-Jun","Siderastrea siderea","Bay Transplant","Bay","Reef","Transplant","Foreign","50DBSS","Reef","Bay","Bay to Reef","Bay to Reef T2","D1",NA,"D1","N/A","","transplant"
"B8CW22",0,0,0,1,0,0,0,0,0,"B8CW22","coral_field",12.07093,-68.8585,1,"T1","B8","51HBSX","22-Nov","Siderastrea siderea","Bay Native","Bay","Bay","Native","Home","41DBSS","Bay","Bay","Bay to Bay","Bay to Bay T1","C1",NA,"C1","N/A","","native"
"B8CW23",0,0,0,1,0,0,0,0,0,"B8CW23","coral_field",12.07093,-68.8585,1,"T2","B8","51HBSY","23-Jun","Siderastrea siderea","Bay Native","Bay","Bay","Native","Home","41DBSS","Bay","Bay","Bay to Bay","Bay to Bay T2","C1",NA,"C1","N/A","","native"
"B9CW22",0,0,0.067999739,0,0,0,0,0,0.932000261,"B9CW22","coral_field",12.07093,-68.8585,1,"T1","B9","52HBSX","22-Nov","Siderastrea siderea","Bay Native","Bay","Bay","Native","Home","42DBSS","Bay","Bay","Bay to Bay","Bay to Bay T1","D1","B19","D1","B19","","native"
"B9CW23",0,0,0.10568337,0,0,0,0,0,0.89431663,"B9CW23","coral_field",12.07093,-68.8585,1,"T2","B9","52HBSY","23-Jun","Siderastrea siderea","Bay Native","Bay","Bay","Native","Home","42DBSS","Bay","Bay","Bay to Bay","Bay to Bay T2","D1","B19","D1","B19","","native"
"C10CW22",0,0,0,0,1,0,0,0,0,"C10CW22","coral_field",12.06624,-68.86019,5,"T1","C10","55FRPX","22-Nov","Porites sp.","Bay Transplant","Bay","Reef","Transplant","Foreign","55DBPP","Reef","Bay","Bay to Reef","Bay to Reef T1","C3",NA,"C3","N/A","","transplant"
"C10CW23",0,1,0,0,0,0,0,0,0,"C10CW23","coral_field",12.06624,-68.86019,5,"T2","C10","55FRPY","23-Jun","Porites sp.","Bay Transplant","Bay","Reef","Transplant","Foreign","55DBPP","Reef","Bay","Bay to Reef","Bay to Reef T2","A4",NA,"A4","N/A","","transplant"
"C11CW22",0,0.957562973,0,0,0.042437027,0,0,0,0,"C11CW22","coral_field",12.06624,-68.86019,5,"T1","C11","56FRPX","22-Nov","Porites sp.","Bay Transplant","Bay","Reef","Transplant","Foreign","56DBPP","Reef","Bay","Bay to Reef","Bay to Reef T1","A4","C3","A4","C3","","transplant"
"C11CW23",0,0.974006294,0.025993706,0,0,0,0,0,0,"C11CW23","coral_field",12.06624,-68.86019,5,"T2","C11","56FRPY","23-Jun","Porites sp.","Bay Transplant","Bay","Reef","Transplant","Foreign","56DBPP","Reef","Bay","Bay to Reef","Bay to Reef T2","A4","B19","A4","B19","","transplant"
"C12CW22",0,0,0,0,1,0,0,0,0,"C12CW22","coral_field",12.06624,-68.86019,5,"T1","C12","57FRPX","22-Nov","Porites sp.","Bay Transplant","Bay","Reef","Transplant","Foreign","57DBPP","Reef","Bay","Bay to Reef","Bay to Reef T1","C3",NA,"C3","N/A","","transplant"
"C12CW23",0,1,0,0,0,0,0,0,0,"C12CW23","coral_field",12.06624,-68.86019,5,"T2","C12","57FRPY","23-Jun","Porites sp.","Bay Transplant","Bay","Reef","Transplant","Foreign","57DBPP","Reef","Bay","Bay to Reef","Bay to Reef T2","A4",NA,"A4","N/A","","transplant"
"C1CW22",0,0,0,0,0,0,0,0,1,"C1CW22","coral_field",12.07093,-68.8585,1,"T1","C1","56HBSX","22-Nov","Siderastrea siderea","Bay Native","Bay","Bay","Native","Home","46DBSS","Bay","Bay","Bay to Bay","Bay to Bay T1","D1",NA,"D1","N/A","","native"
"C1CW23",0,0,0,0.008351405,0,0,0,0,0.991648595,"C1CW23","coral_field",12.07093,-68.8585,1,"T2","C1","56HBSY","23-Jun","Siderastrea siderea","Bay Native","Bay","Bay","Native","Home","46DBSS","Bay","Bay","Bay to Bay","Bay to Bay T2","D1","C1","D1","N/A","","native"
"C2CW22",0,0,0.059944927,0,0,0,0,0,0.940055073,"C2CW22","coral_field",12.07093,-68.8585,1,"T1","C2","57HBSX","22-Nov","Siderastrea siderea","Bay Native","Bay","Bay","Native","Home","47DBSS","Bay","Bay","Bay to Bay","Bay to Bay T1","D1","B19","D1","B19","","native"
"C2CW23",0,0,0,0,0,0,0,0,1,"C2CW23","coral_field",12.07093,-68.8585,1,"T2","C2","57HBSY","23-Jun","Siderastrea siderea","Bay Native","Bay","Bay","Native","Home","47DBSS","Bay","Bay","Bay to Bay","Bay to Bay T2","D1",NA,"D1","B19","","native"
"C3CW22",0,0,0,0,0,0,0,0,1,"C3CW22","coral_field",12.07093,-68.8585,1,"T1","C3","58HBSX","22-Nov","Siderastrea siderea","Bay Native","Bay","Bay","Native","Home","48DBSS","Bay","Bay","Bay to Bay","Bay to Bay T1","D1",NA,"D1","N/A","","native"
"C3CW23",0,0,0,0,0,0,0,0,1,"C3CW23","coral_field",12.07093,-68.8585,1,"T2","C3","58HBSY","23-Jun","Siderastrea siderea","Bay Native","Bay","Bay","Native","Home","48DBSS","Bay","Bay","Bay to Bay","Bay to Bay T2","D1",NA,"D1","N/A","","native"
"C4CW22",0,0,0,0.733883717,0,0,0,0,0.266116283,"C4CW22","coral_field",12.07093,-68.8585,1,"T1","C4","59HBSX","22-Nov","Siderastrea siderea","Bay Native","Bay","Bay","Native","Home","49DBSS","Bay","Bay","Bay to Bay","Bay to Bay T1","C1","D1","C1","D1","","native"
"C4CW23",0,0,0,1,0,0,0,0,0,"C4CW23","coral_field",12.07093,-68.8585,1,"T2","C4","59HBSY","23-Jun","Siderastrea siderea","Bay Native","Bay","Bay","Native","Home","49DBSS","Bay","Bay","Bay to Bay","Bay to Bay T2","C1",NA,"C1","D1","","native"
"C5CW22",0,0,0,1,0,0,0,0,0,"C5CW22","coral_field",12.07093,-68.8585,1,"T1","C5","60HBSX","22-Nov","Siderastrea siderea","Bay Native","Bay","Bay","Native","Home","50DBSS","Bay","Bay","Bay to Bay","Bay to Bay T1","C1",NA,"C1","N/A","","native"
"C5CW23",0,0,0,1,0,0,0,0,0,"C5CW23","coral_field",12.07093,-68.8585,1,"T2","C5","60HBSY","23-Jun","Siderastrea siderea","Bay Native","Bay","Bay","Native","Home","50DBSS","Bay","Bay","Bay to Bay","Bay to Bay T2","C1",NA,"C1","N/A","","native"
"C6CW22",0,0,0,0,1,0,0,0,0,"C6CW22","coral_field",12.06624,-68.86019,5,"T1","C6","51FRPX","22-Nov","Porites sp.","Bay Transplant","Bay","Reef","Transplant","Foreign","51DBPP","Reef","Bay","Bay to Reef","Bay to Reef T1","C3",NA,"C3","N/A","","transplant"
"C6CW23",0,0.596673928,0,0.043834015,0.359492057,0,0,0,0,"C6CW23","coral_field",12.06624,-68.86019,5,"T2","C6","51FRPY","23-Jun","Porites sp.","Bay Transplant","Bay","Reef","Transplant","Foreign","51DBPP","Reef","Bay","Bay to Reef","Bay to Reef T2",NA,"A4","A4","C3/C1","A4 60% majority, then C3/C1 minority","transplant"
"C7CW22",0.032958511,0,0,0,0.967041489,0,0,0,0,"C7CW22","coral_field",12.06624,-68.86019,5,"T1","C7","52FRPX","22-Nov","Porites sp.","Bay Transplant","Bay","Reef","Transplant","Foreign","52DBPP","Reef","Bay","Bay to Reef","Bay to Reef T1","C3","A1","C3","A1","","transplant"
"C7CW23",0,0,0,0,1,0,0,0,0,"C7CW23","coral_field",12.06624,-68.86019,5,"T2","C7","52FRPY","23-Jun","Porites sp.","Bay Transplant","Bay","Reef","Transplant","Foreign","52DBPP","Reef","Bay","Bay to Reef","Bay to Reef T2","C3",NA,"C3","N/A","","transplant"
"C8CW22",0.229651784,0,0,0,0.770348216,0,0,0,0,"C8CW22","coral_field",12.06624,-68.86019,5,"T1","C8","53FRPX","22-Nov","Porites sp.","Bay Transplant","Bay","Reef","Transplant","Foreign","53DBPP","Reef","Bay","Bay to Reef","Bay to Reef T1","C3","A1","C3","A1","","transplant"
"C8CW23",0.075049375,0,0,0,0.924950625,0,0,0,0,"C8CW23","coral_field",12.06624,-68.86019,5,"T2","C8","53FRPY","23-Jun","Porites sp.","Bay Transplant","Bay","Reef","Transplant","Foreign","53DBPP","Reef","Bay","Bay to Reef","Bay to Reef T2","C3","A1","C3","A1","","transplant"
"C9CW22",0,1,0,0,0,0,0,0,0,"C9CW22","coral_field",12.06624,-68.86019,5,"T1","C9","54FRPX","22-Nov","Porites sp.","Bay Transplant","Bay","Reef","Transplant","Foreign","54DBPP","Reef","Bay","Bay to Reef","Bay to Reef T1","A4",NA,"A4","N/A","","transplant"
"C9CW23",0,1,0,0,0,0,0,0,0,"C9CW23","coral_field",12.06624,-68.86019,5,"T2","C9","54FRPY","23-Jun","Porites sp.","Bay Transplant","Bay","Reef","Transplant","Foreign","54DBPP","Reef","Bay","Bay to Reef","Bay to Reef T2","A4",NA,"A4","N/A","","transplant"
"D10CW22",0,0,0,1,0,0,0,0,0,"D10CW22","coral_field",12.07093,-68.8585,1,"T1","D10","67FBSX","22-Nov","Siderastrea siderea","Reef Transplant","Reef","Bay","Transplant","Foreign","67DRSS","Bay","Reef","Reef to Bay","Reef to Bay T1","C1",NA,"C1","N/A","","transplant"
"D10CW23",0,0,0,1,0,0,0,0,0,"D10CW23","coral_field",12.07093,-68.8585,1,"T2","D10","70FBSY","23-Jun","Siderastrea siderea","Reef Transplant","Reef","Bay","Transplant","Foreign","70DRSS","Bay","Reef","Reef to Bay","Reef to Bay T2","C1",NA,"C1","N/A","","transplant"
"D11CW22",0,0,0,1,0,0,0,0,0,"D11CW22","coral_field",12.07093,-68.8585,1,"T1","D11","68FBSX","22-Nov","Siderastrea siderea","Reef Transplant","Reef","Bay","Transplant","Foreign","68DRSS","Bay","Reef","Reef to Bay","Reef to Bay T1","C1",NA,"C1","N/A","","transplant"
"D11CW23",0,0,0,0,1,0,0,0,0,"D11CW23","coral_field",12.06624,-68.86019,5,"T2","D11","61HRSY","23-Jun","Siderastrea siderea","Reef Native","Reef","Reef","Native","Home","61DRSS","Reef","Reef","Reef to Reef","Reef to Reef T2","C3",NA,"C3","N/A","","native"
"D12CW22",0,0,0,0,0,0,0,0,1,"D12CW22","coral_field",12.07093,-68.8585,1,"T1","D12","69FBSX","22-Nov","Siderastrea siderea","Reef Transplant","Reef","Bay","Transplant","Foreign","69DRSS","Bay","Reef","Reef to Bay","Reef to Bay T1","D1",NA,"D1","N/A","","transplant"
"D12CW23",0,0,0,0,0.346219057,0,0,0,0.653780943,"D12CW23","coral_field",12.06624,-68.86019,5,"T2","D12","62HRSY","23-Jun","Siderastrea siderea","Reef Native","Reef","Reef","Native","Home","62DRSS","Reef","Reef","Reef to Reef","Reef to Reef T2",NA,"C3","D1","C3","D1 60% majority","native"
"D1CW22",0,0,0,0,1,0,0,0,0,"D1CW22","coral_field",12.06624,-68.86019,5,"T1","D1","58FRPX","22-Nov","Porites sp.","Bay Transplant","Bay","Reef","Transplant","Foreign","58DBPP","Reef","Bay","Bay to Reef","Bay to Reef T1","C3",NA,"C3","N/A","","transplant"
"D1CW23",0,0,0,1,0,0,0,0,0,"D1CW23","coral_field",12.07093,-68.8585,1,"T2","D1","61FBSY","23-Jun","Siderastrea siderea","Reef Transplant","Reef","Bay","Transplant","Foreign","61DRSS","Bay","Reef","Reef to Bay","Reef to Bay T2","C1",NA,"C1","N/A","","transplant"
"D2CW22",0,0.301701908,0,0,0.698298092,0,0,0,0,"D2CW22","coral_field",12.06624,-68.86019,5,"T1","D2","59FRPX","22-Nov","Porites sp.","Bay Transplant","Bay","Reef","Transplant","Foreign","59DBPP","Reef","Bay","Bay to Reef","Bay to Reef T1",NA,"A4","C3","A4","C3 60% majority","transplant"
"D2CW23",0,0,0,0.222488779,0,0,0,0,0.777511221,"D2CW23","coral_field",12.07093,-68.8585,1,"T2","D2","62FBSY","23-Jun","Siderastrea siderea","Reef Transplant","Reef","Bay","Transplant","Foreign","62DRSS","Bay","Reef","Reef to Bay","Reef to Bay T2","D1","C1","D1","C1","","transplant"
"D3CW22",0,0,0,0,1,0,0,0,0,"D3CW22","coral_field",12.06624,-68.86019,5,"T1","D3","60FRPX","22-Nov","Porites sp.","Bay Transplant","Bay","Reef","Transplant","Foreign","60DBPP","Reef","Bay","Bay to Reef","Bay to Reef T1","C3",NA,"C3","N/A","","transplant"
"D3CW23",0,0,0.057937895,0,0,0,0,0,0.942062105,"D3CW23","coral_field",12.07093,-68.8585,1,"T2","D3","63FBSY","23-Jun","Siderastrea siderea","Reef Transplant","Reef","Bay","Transplant","Foreign","63DRSS","Bay","Reef","Reef to Bay","Reef to Bay T2","D1","B19","D1","B19","","transplant"
"D4CW22",0,0,0,1,0,0,0,0,0,"D4CW22","coral_field",12.07093,-68.8585,1,"T1","D4","61FBSX","22-Nov","Siderastrea siderea","Reef Transplant","Reef","Bay","Transplant","Foreign","61DRSS","Bay","Reef","Reef to Bay","Reef to Bay T1","C1",NA,"C1","N/A","","transplant"
"D4CW23",0,0,0,1,0,0,0,0,0,"D4CW23","coral_field",12.07093,-68.8585,1,"T2","D4","64FBSY","23-Jun","Siderastrea siderea","Reef Transplant","Reef","Bay","Transplant","Foreign","64DRSS","Bay","Reef","Reef to Bay","Reef to Bay T2","C1",NA,"C1","N/A","","transplant"
"D5CW22",0,0,0,0.883859168,0,0,0,0,0.116140832,"D5CW22","coral_field",12.07093,-68.8585,1,"T1","D5","62FBSX","22-Nov","Siderastrea siderea","Reef Transplant","Reef","Bay","Transplant","Foreign","62DRSS","Bay","Reef","Reef to Bay","Reef to Bay T1","C1","D1","C1","D1","","transplant"
"D6CW22",0,0,0,0,0,0,0,0,1,"D6CW22","coral_field",12.07093,-68.8585,1,"T1","D6","63FBSX","22-Nov","Siderastrea siderea","Reef Transplant","Reef","Bay","Transplant","Foreign","63DRSS","Bay","Reef","Reef to Bay","Reef to Bay T1","D1",NA,"D1","N/A","","transplant"
"D6CW23",0,0,0,0.042937634,0,0,0,0,0.957062366,"D6CW23","coral_field",12.07093,-68.8585,1,"T2","D6","66FBSY","23-Jun","Siderastrea siderea","Reef Transplant","Reef","Bay","Transplant","Foreign","66DRSS","Bay","Reef","Reef to Bay","Reef to Bay T2","D1","C1","D1","C1","","transplant"
"D7CW22",0,0,0,0,0,0,0,0,1,"D7CW22","coral_field",12.07093,-68.8585,1,"T1","D7","64FBSX","22-Nov","Siderastrea siderea","Reef Transplant","Reef","Bay","Transplant","Foreign","64DRSS","Bay","Reef","Reef to Bay","Reef to Bay T1","D1",NA,"D1","N/A","","transplant"
"D7CW23",0,0,0,0,0,0,0,0,1,"D7CW23","coral_field",12.07093,-68.8585,1,"T2","D7","67FBSY","23-Jun","Siderastrea siderea","Reef Transplant","Reef","Bay","Transplant","Foreign","67DRSS","Bay","Reef","Reef to Bay","Reef to Bay T2","D1",NA,"D1","N/A","","transplant"
"D8CW22",0,0,0,0,0,0,0,0,1,"D8CW22","coral_field",12.07093,-68.8585,1,"T1","D8","65FBSX","22-Nov","Siderastrea siderea","Reef Transplant","Reef","Bay","Transplant","Foreign","65DRSS","Bay","Reef","Reef to Bay","Reef to Bay T1","D1",NA,"D1","N/A","","transplant"
"D8CW23",0,0,0,0,0,0,0,0,1,"D8CW23","coral_field",12.07093,-68.8585,1,"T2","D8","68FBSY","23-Jun","Siderastrea siderea","Reef Transplant","Reef","Bay","Transplant","Foreign","68DRSS","Bay","Reef","Reef to Bay","Reef to Bay T2","D1",NA,"D1","N/A","","transplant"
"D9CW22",0,0,0,0.311230907,0,0,0,0,0.688769093,"D9CW22","coral_field",12.07093,-68.8585,1,"T1","D9","66FBSX","22-Nov","Siderastrea siderea","Reef Transplant","Reef","Bay","Transplant","Foreign","66DRSS","Bay","Reef","Reef to Bay","Reef to Bay T1",NA,"C1","D1","C1","D1 60% majority","transplant"
"D9CW23",0,0,0,0.303291851,0,0,0,0,0.696708149,"D9CW23","coral_field",12.07093,-68.8585,1,"T2","D9","69FBSY","23-Jun","Siderastrea siderea","Reef Transplant","Reef","Bay","Transplant","Foreign","69DRSS","Bay","Reef","Reef to Bay","Reef to Bay T2",NA,"C1","D1","C1","D1 60% majority","transplant"
"E10CW22",0,0,0,0,0.415737299,0,0,0,0.584262701,"E10CW22","coral_field",12.06624,-68.86019,5,"T1","E10","69HRSX","22-Nov","Siderastrea siderea","Reef Native","Reef","Reef","Native","Home","69DRSS","Reef","Reef","Reef to Reef","Reef to Reef T1",NA,"C3","D1","C3","D1 60% majority","native"
"E10CW23",0,1,0,0,0,0,0,0,0,"E10CW23","coral_field",12.07093,-68.8585,1,"T2","E10","72FBPY","23-Jun","Porites sp.","Reef Transplant","Reef","Bay","Transplant","Foreign","72DRPP","Bay","Reef","Reef to Bay","Reef to Bay T2","A4",NA,"A4","N/A","","transplant"
"E11CW22",0,0,0,0,0.351948052,0,0,0,0.648051948,"E11CW22","coral_field",12.06624,-68.86019,5,"T1","E11","70HRSX","22-Nov","Siderastrea siderea","Reef Native","Reef","Reef","Native","Home","70DRSS","Reef","Reef","Reef to Reef","Reef to Reef T1",NA,"C3","D1","C3","D1 60% majority","native"
"E11CW23",0,1,0,0,0,0,0,0,0,"E11CW23","coral_field",12.07093,-68.8585,1,"T2","E11","73FBPY","23-Jun","Porites sp.","Reef Transplant","Reef","Bay","Transplant","Foreign","73DRPP","Bay","Reef","Reef to Bay","Reef to Bay T2","A4",NA,"A4","N/A","","transplant"
"E12CW22",0,1,0,0,0,0,0,0,0,"E12CW22","coral_field",12.07093,-68.8585,1,"T1","E12","71FBPX","22-Nov","Porites sp.","Reef Transplant","Reef","Bay","Transplant","Foreign","71DRPP","Bay","Reef","Reef to Bay","Reef to Bay T1","A4",NA,"A4","N/A","","transplant"
"E12CW23",0,1,0,0,0,0,0,0,0,"E12CW23","coral_field",12.07093,-68.8585,1,"T2","E12","74FBPY","23-Jun","Porites sp.","Reef Transplant","Reef","Bay","Transplant","Foreign","74DRPP","Bay","Reef","Reef to Bay","Reef to Bay T2","A4",NA,"A4","N/A","","transplant"
"E1CW22",0,0,0,0,0,0,0,0,1,"E1CW22","coral_field",12.07093,-68.8585,1,"T1","E1","70FBSX","22-Nov","Siderastrea siderea","Reef Transplant","Reef","Bay","Transplant","Foreign","70DRSS","Bay","Reef","Reef to Bay","Reef to Bay T1","D1",NA,"D1","N/A","","transplant"
"E1CW23",0,0.038143159,0,0,0,0,0,0,0.961856841,"E1CW23","coral_field",12.06624,-68.86019,5,"T2","E1","63HRSY","23-Jun","Siderastrea siderea","Reef Native","Reef","Reef","Native","Home","63DRSS","Reef","Reef","Reef to Reef","Reef to Reef T2","D1","A4","D1","A4","","native"
"E2CW22",0,0,0,0,1,0,0,0,0,"E2CW22","coral_field",12.06624,-68.86019,5,"T1","E2","61HRSX","22-Nov","Siderastrea siderea","Reef Native","Reef","Reef","Native","Home","61DRSS","Reef","Reef","Reef to Reef","Reef to Reef T1","C3",NA,"C3","N/A","","native"
"E2CW23",0,0,0,0,0.73011734,0,0,0,0.26988266,"E2CW23","coral_field",12.06624,-68.86019,5,"T2","E2","64HRSY","23-Jun","Siderastrea siderea","Reef Native","Reef","Reef","Native","Home","64DRSS","Reef","Reef","Reef to Reef","Reef to Reef T2","C3","D1","C3","D1","","native"
"E3CW22",0,0,0,0,0.243824111,0,0,0,0.756175889,"E3CW22","coral_field",12.06624,-68.86019,5,"T1","E3","62HRSX","22-Nov","Siderastrea siderea","Reef Native","Reef","Reef","Native","Home","62DRSS","Reef","Reef","Reef to Reef","Reef to Reef T1","D1","C3","D1","C3","","native"
"E3CW23",0,0,0,0,0,0,0,0,1,"E3CW23","coral_field",12.06624,-68.86019,5,"T2","E3","65HRSY","23-Jun","Siderastrea siderea","Reef Native","Reef","Reef","Native","Home","65DRSS","Reef","Reef","Reef to Reef","Reef to Reef T2","D1",NA,"D1","N/A","","native"
"E4CW22",0,0,0,0,0,0,0,0,1,"E4CW22","coral_field",12.06624,-68.86019,5,"T1","E4","63HRSX","22-Nov","Siderastrea siderea","Reef Native","Reef","Reef","Native","Home","63DRSS","Reef","Reef","Reef to Reef","Reef to Reef T1","D1",NA,"D1","N/A","","native"
"E4CW23",0,0,0,0,1,0,0,0,0,"E4CW23","coral_field",12.06624,-68.86019,5,"T2","E4","66HRSY","23-Jun","Siderastrea siderea","Reef Native","Reef","Reef","Native","Home","66DRSS","Reef","Reef","Reef to Reef","Reef to Reef T2","C3",NA,"C3","N/A","","native"
"E5CW22",0,0,0,0,0.573684211,0,0,0,0.426315789,"E5CW22","coral_field",12.06624,-68.86019,5,"T1","E5","64HRSX","22-Nov","Siderastrea siderea","Reef Native","Reef","Reef","Native","Home","64DRSS","Reef","Reef","Reef to Reef","Reef to Reef T1",NA,"C3","C3","D1","almost exactly equal D1 and C3, 50/50 so not really majority","native"
"E5CW23",0,0,0,0,1,0,0,0,0,"E5CW23","coral_field",12.06624,-68.86019,5,"T2","E5","67HRSY","23-Jun","Siderastrea siderea","Reef Native","Reef","Reef","Native","Home","67DRSS","Reef","Reef","Reef to Reef","Reef to Reef T2","C3",NA,"C3","N/A","","native"
"E6CW22",0,0,0,0,0.182091046,0,0,0,0.817908954,"E6CW22","coral_field",12.06624,-68.86019,5,"T1","E6","65HRSX","22-Nov","Siderastrea siderea","Reef Native","Reef","Reef","Native","Home","65DRSS","Reef","Reef","Reef to Reef","Reef to Reef T1","D1","C3","D1","C3","","native"
"E6CW23",0,0,0,0,0.957555612,0,0,0,0.042444388,"E6CW23","coral_field",12.06624,-68.86019,5,"T2","E6","68HRSY","23-Jun","Siderastrea siderea","Reef Native","Reef","Reef","Native","Home","68DRSS","Reef","Reef","Reef to Reef","Reef to Reef T2","C3","D1","C3","D1","","native"
"E7CW22",0,0,0,0,1,0,0,0,0,"E7CW22","coral_field",12.06624,-68.86019,5,"T1","E7","66HRSX","22-Nov","Siderastrea siderea","Reef Native","Reef","Reef","Native","Home","66DRSS","Reef","Reef","Reef to Reef","Reef to Reef T1","C3",NA,"C3","N/A","","native"
"E7CW23",0,0,0,0,0.475987362,0,0,0,0.524012638,"E7CW23","coral_field",12.06624,-68.86019,5,"T2","E7","69HRSY","23-Jun","Siderastrea siderea","Reef Native","Reef","Reef","Native","Home","69DRSS","Reef","Reef","Reef to Reef","Reef to Reef T2",NA,"C3","D1","C3","almost exactly equal D1 and C3, 50/50 so not really majority","native"
"E8CW22",0,0,0,0,1,0,0,0,0,"E8CW22","coral_field",12.06624,-68.86019,5,"T1","E8","67HRSX","22-Nov","Siderastrea siderea","Reef Native","Reef","Reef","Native","Home","67DRSS","Reef","Reef","Reef to Reef","Reef to Reef T1","C3",NA,"C3","N/A","","native"
"E8CW23",0,0,0,0,0.575779817,0,0,0,0.424220183,"E8CW23","coral_field",12.06624,-68.86019,5,"T2","E8","70HRSY","23-Jun","Siderastrea siderea","Reef Native","Reef","Reef","Native","Home","70DRSS","Reef","Reef","Reef to Reef","Reef to Reef T2",NA,"C3","C3","D1","almost exactly equal D1 and C3, 50/50 so not really majority","native"
"E9CW22",0,0,0,0,1,0,0,0,0,"E9CW22","coral_field",12.06624,-68.86019,5,"T1","E9","68HRSX","22-Nov","Siderastrea siderea","Reef Native","Reef","Reef","Native","Home","68DRSS","Reef","Reef","Reef to Reef","Reef to Reef T1","C3",NA,"C3","N/A","","native"
"E9CW23",0,1,0,0,0,0,0,0,0,"E9CW23","coral_field",12.07093,-68.8585,1,"T2","E9","71FBPY","23-Jun","Porites sp.","Reef Transplant","Reef","Bay","Transplant","Foreign","71DRPP","Bay","Reef","Reef to Bay","Reef to Bay T2","A4",NA,"A4","N/A","","transplant"
"F10CW22",0,0,0,0,0,0,0,1,0,"F10CW22","coral_field",12.06624,-68.86019,5,"T1","F10","71HRPX","22-Nov","Porites sp.","Reef Native","Reef","Reef","Native","Home","71DRPP","Reef","Reef","Reef to Reef","Reef to Reef T1","C47a",NA,"C47a","N/A","","native"
"F10CW23",0,0,0,0,0,1,0,0,0,"F10CW23","coral_field",12.06624,-68.86019,5,"T2","F10","74HRPY","23-Jun","Porites sp.","Reef Native","Reef","Reef","Native","Home","74DRPP","Reef","Reef","Reef to Reef","Reef to Reef T2","C42.2",NA,"C42.2","N/A","","native"
"F11CW22",0,0,0,0,0,0,0,1,0,"F11CW22","coral_field",12.06624,-68.86019,5,"T1","F11","72HRPX","22-Nov","Porites sp.","Reef Native","Reef","Reef","Native","Home","72DRPP","Reef","Reef","Reef to Reef","Reef to Reef T1","C47a",NA,"C47a","N/A","","native"
"F11CW23",0,0,0,0,0,0,0,1,0,"F11CW23","coral_field",12.06624,-68.86019,5,"T2","F11","75HRPY","23-Jun","Porites sp.","Reef Native","Reef","Reef","Native","Home","75DRPP","Reef","Reef","Reef to Reef","Reef to Reef T2","C47a",NA,"C47a","N/A","","native"
"F12CW22",0,0,0,0,0,0,1,0,0,"F12CW22","coral_field",12.06624,-68.86019,5,"T1","F12","73HRPX","22-Nov","Porites sp.","Reef Native","Reef","Reef","Native","Home","73DRPP","Reef","Reef","Reef to Reef","Reef to Reef T1","C45a",NA,"C45a","N/A","","native"
"F12CW23",0,1,0,0,0,0,0,0,0,"F12CW23","coral_field",12.06624,-68.86019,5,"T2","F12","76HRPY","23-Jun","Porites sp.","Reef Native","Reef","Reef","Native","Home","76DRPP","Reef","Reef","Reef to Reef","Reef to Reef T2","A4",NA,"A4","N/A","","native"
"F1CW22",0,1,0,0,0,0,0,0,0,"F1CW22","coral_field",12.07093,-68.8585,1,"T1","F1","72FBPX","22-Nov","Porites sp.","Reef Transplant","Reef","Bay","Transplant","Foreign","72DRPP","Bay","Reef","Reef to Bay","Reef to Bay T1","A4",NA,"A4","N/A","","transplant"
"F1CW23",0,1,0,0,0,0,0,0,0,"F1CW23","coral_field",12.07093,-68.8585,1,"T2","F1","75FBPY","23-Jun","Porites sp.","Reef Transplant","Reef","Bay","Transplant","Foreign","75DRPP","Bay","Reef","Reef to Bay","Reef to Bay T2","A4",NA,"A4","N/A","","transplant"
"F2CW22",0,1,0,0,0,0,0,0,0,"F2CW22","coral_field",12.07093,-68.8585,1,"T1","F2","73FBPX","22-Nov","Porites sp.","Reef Transplant","Reef","Bay","Transplant","Foreign","73DRPP","Bay","Reef","Reef to Bay","Reef to Bay T1","A4",NA,"A4","N/A","","transplant"
"F2CW23",0,1,0,0,0,0,0,0,0,"F2CW23","coral_field",12.07093,-68.8585,1,"T2","F2","76FBPY","23-Jun","Porites sp.","Reef Transplant","Reef","Bay","Transplant","Foreign","76DRPP","Bay","Reef","Reef to Bay","Reef to Bay T2","A4",NA,"A4","N/A","","transplant"
"F3CW22",0,1,0,0,0,0,0,0,0,"F3CW22","coral_field",12.07093,-68.8585,1,"T1","F3","74FBPX","22-Nov","Porites sp.","Reef Transplant","Reef","Bay","Transplant","Foreign","74DRPP","Bay","Reef","Reef to Bay","Reef to Bay T1","A4",NA,"A4","N/A","","transplant"
"F3CW23",0,1,0,0,0,0,0,0,0,"F3CW23","coral_field",12.07093,-68.8585,1,"T2","F3","77FBPY","23-Jun","Porites sp.","Reef Transplant","Reef","Bay","Transplant","Foreign","77DRPP","Bay","Reef","Reef to Bay","Reef to Bay T2","A4",NA,"A4","N/A","","transplant"
"F4CW22",0,1,0,0,0,0,0,0,0,"F4CW22","coral_field",12.07093,-68.8585,1,"T1","F4","75FBPX","22-Nov","Porites sp.","Reef Transplant","Reef","Bay","Transplant","Foreign","75DRPP","Bay","Reef","Reef to Bay","Reef to Bay T1","A4",NA,"A4","N/A","","transplant"
"F4CW23",0,1,0,0,0,0,0,0,0,"F4CW23","coral_field",12.07093,-68.8585,1,"T2","F4","78FBPY","23-Jun","Porites sp.","Reef Transplant","Reef","Bay","Transplant","Foreign","78DRPP","Bay","Reef","Reef to Bay","Reef to Bay T2","A4",NA,"A4","N/A","","transplant"
"F5CW22",0,1,0,0,0,0,0,0,0,"F5CW22","coral_field",12.07093,-68.8585,1,"T1","F5","76FBPX","22-Nov","Porites sp.","Reef Transplant","Reef","Bay","Transplant","Foreign","76DRPP","Bay","Reef","Reef to Bay","Reef to Bay T1","A4",NA,"A4","N/A","","transplant"
"F5CW23",0,1,0,0,0,0,0,0,0,"F5CW23","coral_field",12.07093,-68.8585,1,"T2","F5","79FBPY","23-Jun","Porites sp.","Reef Transplant","Reef","Bay","Transplant","Foreign","79DRPP","Bay","Reef","Reef to Bay","Reef to Bay T2","A4",NA,"A4","N/A","","transplant"
"F6CW22",0,1,0,0,0,0,0,0,0,"F6CW22","coral_field",12.07093,-68.8585,1,"T1","F6","77FBPX","22-Nov","Porites sp.","Reef Transplant","Reef","Bay","Transplant","Foreign","77DRPP","Bay","Reef","Reef to Bay","Reef to Bay T1","A4",NA,"A4","N/A","","transplant"
"F6CW23",0,1,0,0,0,0,0,0,0,"F6CW23","coral_field",12.07093,-68.8585,1,"T2","F6","80FBPY","23-Jun","Porites sp.","Reef Transplant","Reef","Bay","Transplant","Foreign","80DRPP","Bay","Reef","Reef to Bay","Reef to Bay T2","A4",NA,"A4","N/A","","transplant"
"F7CW22",0,1,0,0,0,0,0,0,0,"F7CW22","coral_field",12.07093,-68.8585,1,"T1","F7","78FBPX","22-Nov","Porites sp.","Reef Transplant","Reef","Bay","Transplant","Foreign","78DRPP","Bay","Reef","Reef to Bay","Reef to Bay T1","A4",NA,"A4","N/A","","transplant"
"F7CW23",0,0,0,0,0,0,0,1,0,"F7CW23","coral_field",12.06624,-68.86019,5,"T2","F7","71HRPY","23-Jun","Porites sp.","Reef Native","Reef","Reef","Native","Home","71DRPP","Reef","Reef","Reef to Reef","Reef to Reef T2","C47a",NA,"C47a","N/A","","native"
"F8CW22",0,1,0,0,0,0,0,0,0,"F8CW22","coral_field",12.07093,-68.8585,1,"T1","F8","79FBPX","22-Nov","Porites sp.","Reef Transplant","Reef","Bay","Transplant","Foreign","79DRPP","Bay","Reef","Reef to Bay","Reef to Bay T1","A4",NA,"A4","N/A","","transplant"
"F9CW22",0,1,0,0,0,0,0,0,0,"F9CW22","coral_field",12.07093,-68.8585,1,"T1","F9","80FBPX","22-Nov","Porites sp.","Reef Transplant","Reef","Bay","Transplant","Foreign","80DRPP","Bay","Reef","Reef to Bay","Reef to Bay T1","A4",NA,"A4","N/A","","transplant"
"F9CW23",0,0,0,0,0,0,1,0,0,"F9CW23","coral_field",12.06624,-68.86019,5,"T2","F9","73HRPY","23-Jun","Porites sp.","Reef Native","Reef","Reef","Native","Home","73DRPP","Reef","Reef","Reef to Reef","Reef to Reef T2","C45a",NA,"C45a","N/A","","native"
"G1CW22",0,0,0,0,0,1,0,0,0,"G1CW22","coral_field",12.06624,-68.86019,5,"T1","G1","74HRPX","22-Nov","Porites sp.","Reef Native","Reef","Reef","Native","Home","74DRPP","Reef","Reef","Reef to Reef","Reef to Reef T1","C42.2",NA,"C42.2","N/A","","native"
"G1CW23",0,0,0,0,0,0,0,1,0,"G1CW23","coral_field",12.06624,-68.86019,5,"T2","G1","77HRPY","23-Jun","Porites sp.","Reef Native","Reef","Reef","Native","Home","77DRPP","Reef","Reef","Reef to Reef","Reef to Reef T2","C47a",NA,"C47a","N/A","","native"
"G2CW22",0,0,0,0,0,0,0,1,0,"G2CW22","coral_field",12.06624,-68.86019,5,"T1","G2","75HRPX","22-Nov","Porites sp.","Reef Native","Reef","Reef","Native","Home","75DRPP","Reef","Reef","Reef to Reef","Reef to Reef T1","C47a",NA,"C47a","N/A","","native"
"G2CW23",0,0,0,0,0,0,0,1,0,"G2CW23","coral_field",12.06624,-68.86019,5,"T2","G2","78HRPY","23-Jun","Porites sp.","Reef Native","Reef","Reef","Native","Home","78DRPP","Reef","Reef","Reef to Reef","Reef to Reef T2","C47a",NA,"C47a","N/A","","native"
"G3CW22",0,1,0,0,0,0,0,0,0,"G3CW22","coral_field",12.06624,-68.86019,5,"T1","G3","76HRPX","22-Nov","Porites sp.","Reef Native","Reef","Reef","Native","Home","76DRPP","Reef","Reef","Reef to Reef","Reef to Reef T1","A4",NA,"A4","N/A","","native"
"G3CW23",0,0.344024605,0,0,0,0,0.655975395,0,0,"G3CW23","coral_field",12.06624,-68.86019,5,"T2","G3","79HRPY","23-Jun","Porites sp.","Reef Native","Reef","Reef","Native","Home","79DRPP","Reef","Reef","Reef to Reef","Reef to Reef T2",NA,"A4","C45a","A4","","native"
"G4CW22",0,0,0,0,0,0,0,1,0,"G4CW22","coral_field",12.06624,-68.86019,5,"T1","G4","77HRPX","22-Nov","Porites sp.","Reef Native","Reef","Reef","Native","Home","77DRPP","Reef","Reef","Reef to Reef","Reef to Reef T1","C47a",NA,"C47a","N/A","","native"
"G5CW22",0,0,0,0,0,0,0,1,0,"G5CW22","coral_field",12.06624,-68.86019,5,"T1","G5","78HRPX","22-Nov","Porites sp.","Reef Native","Reef","Reef","Native","Home","78DRPP","Reef","Reef","Reef to Reef","Reef to Reef T1","C47a",NA,"C47a","N/A","","native"
"G6CW22",0,0.612497689,0,0,0,0,0.387502311,0,0,"G6CW22","coral_field",12.06624,-68.86019,5,"T1","G6","79HRPX","22-Nov","Porites sp.","Reef Native","Reef","Reef","Native","Home","79DRPP","Reef","Reef","Reef to Reef","Reef to Reef T1",NA,"A4","A4","C45a","A4 60% majority, then C45a minority","native"
"G7CW22",0,0,0,0,0,0,1,0,0,"G7CW22","coral_field",12.06624,-68.86019,5,"T1","G7","80HRPX","22-Nov","Porites sp.","Reef Native","Reef","Reef","Native","Home","80DRPP","Reef","Reef","Reef to Reef","Reef to Reef T1","C45a",NA,"C45a","N/A","","native"
"H12CW23",0,0,0,1,0,0,0,0,0,"H12CW23","coral_field",12.07093,-68.8585,1,"T2","H12","65FBSY","23-Jun","Siderastrea siderea","Reef Transplant","Reef","Bay","Transplant","Foreign","65DRSS","Bay","Reef","Reef to Bay","Reef to Bay T2","C1",NA,"C1","N/A","","transplant"
