sample_uid,sample_name,sample_type,collection_latitude,collection_longitude,collection_depth,Site,timepoint,id,Barcode,full_id,collection_date,coral_species,transplant_group,native_site,transplant_site,native_transplant,home_foreign,parent
198206,51DBPP,coral_field,12.07093,-68.8585,1,,T0,51DBPP,A1,51DBPP,22-Jun,Porites sp.,Bay Initial,Bay,None,Initial,Initial,51DBPP
198207,52DBPP,coral_field,12.07093,-68.8585,1,,T0,52DBPP,A2,52DBPP,22-Jun,Porites sp.,Bay Initial,Bay,None,Initial,Initial,52DBPP
198208,53DBPP,coral_field,12.07093,-68.8585,1,,T0,53DBPP,A3,53DBPP,22-Jun,Porites sp.,Bay Initial,Bay,None,Initial,Initial,53DBPP
198209,54DBPP,coral_field,12.07093,-68.8585,1,,T0,54DBPP,A4,54DBPP,22-Jun,Porites sp.,Bay Initial,Bay,None,Initial,Initial,54DBPP
198210,55DBPP,coral_field,12.07093,-68.8585,1,,T0,55DBPP,A5,55DBPP,22-Jun,Porites sp.,Bay Initial,Bay,None,Initial,Initial,55DBPP
198211,56DBPP,coral_field,12.07093,-68.8585,1,,T0,56DBPP,A6,56DBPP,22-Jun,Porites sp.,Bay Initial,Bay,None,Initial,Initial,56DBPP
198212,57DBPP,coral_field,12.07093,-68.8585,1,,T0,57DBPP,A7,57DBPP,22-Jun,Porites sp.,Bay Initial,Bay,None,Initial,Initial,57DBPP
198213,58DBPP,coral_field,12.07093,-68.8585,1,,T0,58DBPP,A8,58DBPP,22-Jun,Porites sp.,Bay Initial,Bay,None,Initial,Initial,58DBPP
198214,59DBPP,coral_field,12.07093,-68.8585,1,,T0,59DBPP,A9,59DBPP,22-Jun,Porites sp.,Bay Initial,Bay,None,Initial,Initial,59DBPP
198215,60DBPP,coral_field,12.07093,-68.8585,1,,T0,60DBPP,A10,60DBPP,22-Jun,Porites sp.,Bay Initial,Bay,None,Initial,Initial,60DBPP
198236,71DRPP,coral_field,12.06624,-68.86019,5,,T0,71DRPP,C7,71DRPP,22-Jun,Porites sp.,Reef Initial,Reef,None,Initial,Initial,71DRPP
198237,72DRPP,coral_field,12.06624,-68.86019,5,,T0,72DRPP,C8,72DRPP,22-Jun,Porites sp.,Reef Initial,Reef,None,Initial,Initial,72DRPP
198238,73DRPP,coral_field,12.06624,-68.86019,5,,T0,73DRPP,C9,73DRPP,22-Jun,Porites sp.,Reef Initial,Reef,None,Initial,Initial,73DRPP
198239,74DRPP,coral_field,12.06624,-68.86019,5,,T0,74DRPP,C10,74DRPP,22-Jun,Porites sp.,Reef Initial,Reef,None,Initial,Initial,74DRPP
198240,75DRPP,coral_field,12.06624,-68.86019,5,,T0,75DRPP,C11,75DRPP,22-Jun,Porites sp.,Reef Initial,Reef,None,Initial,Initial,75DRPP
198241,76DRPP,coral_field,12.06624,-68.86019,5,,T0,76DRPP,C12,76DRPP,22-Jun,Porites sp.,Reef Initial,Reef,None,Initial,Initial,76DRPP
198242,77DRPP,coral_field,12.06624,-68.86019,5,,T0,77DRPP,D1,77DRPP,22-Jun,Porites sp.,Reef Initial,Reef,None,Initial,Initial,77DRPP
198243,78DRPP,coral_field,12.06624,-68.86019,5,,T0,78DRPP,D2,78DRPP,22-Jun,Porites sp.,Reef Initial,Reef,None,Initial,Initial,78DRPP
198244,79DRPP,coral_field,12.06624,-68.86019,5,,T0,79DRPP,D3,79DRPP,22-Jun,Porites sp.,Reef Initial,Reef,None,Initial,Initial,79DRPP
198245,80DRPP,coral_field,12.06624,-68.86019,5,,T0,80DRPP,D4,80DRPP,22-Jun,Porites sp.,Reef Initial,Reef,None,Initial,Initial,80DRPP
198226,41DBSS,coral_field,12.07093,-68.8585,1,,T0,41DBSS,B9,41DBSS,22-Jun,Siderastrea siderea,Bay Initial,Bay,None,Initial,Initial,41DBSS
198227,42DBSS,coral_field,12.07093,-68.8585,1,,T0,42DBSS,B10,42DBSS,22-Jun,Siderastrea siderea,Bay Initial,Bay,None,Initial,Initial,42DBSS
198228,43DBSS,coral_field,12.07093,-68.8585,1,,T0,43DBSS,B11,43DBSS,22-Jun,Siderastrea siderea,Bay Initial,Bay,None,Initial,Initial,43DBSS
198229,44DBSS,coral_field,12.07093,-68.8585,1,,T0,44DBSS,B12,44DBSS,22-Jun,Siderastrea siderea,Bay Initial,Bay,None,Initial,Initial,44DBSS
198230,45DBSS,coral_field,12.07093,-68.8585,1,,T0,45DBSS,C1,45DBSS,22-Jun,Siderastrea siderea,Bay Initial,Bay,None,Initial,Initial,45DBSS
198231,46DBSS,coral_field,12.07093,-68.8585,1,,T0,46DBSS,C2,46DBSS,22-Jun,Siderastrea siderea,Bay Initial,Bay,None,Initial,Initial,46DBSS
198232,47DBSS,coral_field,12.07093,-68.8585,1,,T0,47DBSS,C3,47DBSS,22-Jun,Siderastrea siderea,Bay Initial,Bay,None,Initial,Initial,47DBSS
198233,48DBSS,coral_field,12.07093,-68.8585,1,,T0,48DBSS,C4,48DBSS,22-Jun,Siderastrea siderea,Bay Initial,Bay,None,Initial,Initial,48DBSS
198234,49DBSS,coral_field,12.07093,-68.8585,1,,T0,49DBSS,C5,49DBSS,22-Jun,Siderastrea siderea,Bay Initial,Bay,None,Initial,Initial,49DBSS
198235,50DBSS,coral_field,12.07093,-68.8585,1,,T0,50DBSS,C6,50DBSS,22-Jun,Siderastrea siderea,Bay Initial,Bay,None,Initial,Initial,50DBSS
198216,61DRSS,coral_field,12.06624,-68.86019,5,,T0,61DRSS,A11,61DRSS,22-Jun,Siderastrea siderea,Reef Initial,Reef,None,Initial,Initial,61DRSS
198217,62DRSS,coral_field,12.06624,-68.86019,5,,T0,62DRSS,A12,62DRSS,22-Jun,Siderastrea siderea,Reef Initial,Reef,None,Initial,Initial,62DRSS
198218,63DRSS,coral_field,12.06624,-68.86019,5,,T0,63DRSS,B1,63DRSS,22-Jun,Siderastrea siderea,Reef Initial,Reef,None,Initial,Initial,63DRSS
198219,64DRSS,coral_field,12.06624,-68.86019,5,,T0,64DRSS,B2,64DRSS,22-Jun,Siderastrea siderea,Reef Initial,Reef,None,Initial,Initial,64DRSS
198220,65DRSS,coral_field,12.06624,-68.86019,5,,T0,65DRSS,B3,65DRSS,22-Jun,Siderastrea siderea,Reef Initial,Reef,None,Initial,Initial,65DRSS
198221,66DRSS,coral_field,12.06624,-68.86019,5,,T0,66DRSS,B4,66DRSS,22-Jun,Siderastrea siderea,Reef Initial,Reef,None,Initial,Initial,66DRSS
198222,67DRSS,coral_field,12.06624,-68.86019,5,,T0,67DRSS,B5,67DRSS,22-Jun,Siderastrea siderea,Reef Initial,Reef,None,Initial,Initial,67DRSS
198223,68DRSS,coral_field,12.06624,-68.86019,5,,T0,68DRSS,B6,68DRSS,22-Jun,Siderastrea siderea,Reef Initial,Reef,None,Initial,Initial,68DRSS
198224,69DRSS,coral_field,12.06624,-68.86019,5,,T0,69DRSS,B7,69DRSS,22-Jun,Siderastrea siderea,Reef Initial,Reef,None,Initial,Initial,69DRSS
198225,70DRSS,coral_field,12.06624,-68.86019,5,,T0,70DRSS,B8,70DRSS,22-Jun,Siderastrea siderea,Reef Initial,Reef,None,Initial,Initial,70DRSS
198247,A1CW22,coral_field,12.07093,-68.8585,1,,T1,A1CW22,A1,41HBPX,22-Nov,Porites sp.,Bay Native,Bay,Bay,Native,Home,51DBPP
198248,A2CW22,coral_field,12.07093,-68.8585,1,,T1,A2CW22,A2,42HBPX,22-Nov,Porites sp.,Bay Native,Bay,Bay,Native,Home,52DBPP
198249,A3CW22,coral_field,12.07093,-68.8585,1,,T1,A3CW22,A3,43HBPX,22-Nov,Porites sp.,Bay Native,Bay,Bay,Native,Home,53DBPP
198250,A4CW22,coral_field,12.07093,-68.8585,1,,T1,A4CW22,A4,44HBPX,22-Nov,Porites sp.,Bay Native,Bay,Bay,Native,Home,54DBPP
198251,A5CW22,coral_field,12.07093,-68.8585,1,,T1,A5CW22,A5,45HBPX,22-Nov,Porites sp.,Bay Native,Bay,Bay,Native,Home,55DBPP
198252,A6CW22,coral_field,12.07093,-68.8585,1,,T1,A6CW22,A6,46HBPX,22-Nov,Porites sp.,Bay Native,Bay,Bay,Native,Home,56DBPP
198253,A7CW22,coral_field,12.07093,-68.8585,1,,T1,A7CW22,A7,47HBPX,22-Nov,Porites sp.,Bay Native,Bay,Bay,Native,Home,57DBPP
198254,A8CW22,coral_field,12.07093,-68.8585,1,,T1,A8CW22,A8,48HBPX,22-Nov,Porites sp.,Bay Native,Bay,Bay,Native,Home,58DBPP
198255,A9CW22,coral_field,12.07093,-68.8585,1,,T1,A9CW22,A9,49HBPX,22-Nov,Porites sp.,Bay Native,Bay,Bay,Native,Home,59DBPP
198316,F10CW22,coral_field,12.06624,-68.86019,5,,T1,F10CW22,F10,71HRPX,22-Nov,Porites sp.,Reef Native,Reef,Reef,Native,Home,71DRPP
198317,F11CW22,coral_field,12.06624,-68.86019,5,,T1,F11CW22,F11,72HRPX,22-Nov,Porites sp.,Reef Native,Reef,Reef,Native,Home,72DRPP
198318,F12CW22,coral_field,12.06624,-68.86019,5,,T1,F12CW22,F12,73HRPX,22-Nov,Porites sp.,Reef Native,Reef,Reef,Native,Home,73DRPP
198319,G1CW22,coral_field,12.06624,-68.86019,5,,T1,G1CW22,G1,74HRPX,22-Nov,Porites sp.,Reef Native,Reef,Reef,Native,Home,74DRPP
198320,G2CW22,coral_field,12.06624,-68.86019,5,,T1,G2CW22,G2,75HRPX,22-Nov,Porites sp.,Reef Native,Reef,Reef,Native,Home,75DRPP
198321,G3CW22,coral_field,12.06624,-68.86019,5,,T1,G3CW22,G3,76HRPX,22-Nov,Porites sp.,Reef Native,Reef,Reef,Native,Home,76DRPP
198322,G4CW22,coral_field,12.06624,-68.86019,5,,T1,G4CW22,G4,77HRPX,22-Nov,Porites sp.,Reef Native,Reef,Reef,Native,Home,77DRPP
198323,G5CW22,coral_field,12.06624,-68.86019,5,,T1,G5CW22,G5,78HRPX,22-Nov,Porites sp.,Reef Native,Reef,Reef,Native,Home,78DRPP
198324,G6CW22,coral_field,12.06624,-68.86019,5,,T1,G6CW22,G6,79HRPX,22-Nov,Porites sp.,Reef Native,Reef,Reef,Native,Home,79DRPP
198325,G7CW22,coral_field,12.06624,-68.86019,5,,T1,G7CW22,G7,80HRPX,22-Nov,Porites sp.,Reef Native,Reef,Reef,Native,Home,80DRPP
198276,C6CW22,coral_field,12.06624,-68.86019,5,,T1,C6CW22,C6,51FRPX,22-Nov,Porites sp.,Bay Transplant,Bay,Reef,Transplant,Foreign,51DBPP
198277,C7CW22,coral_field,12.06624,-68.86019,5,,T1,C7CW22,C7,52FRPX,22-Nov,Porites sp.,Bay Transplant,Bay,Reef,Transplant,Foreign,52DBPP
198278,C8CW22,coral_field,12.06624,-68.86019,5,,T1,C8CW22,C8,53FRPX,22-Nov,Porites sp.,Bay Transplant,Bay,Reef,Transplant,Foreign,53DBPP
198279,C9CW22,coral_field,12.06624,-68.86019,5,,T1,C9CW22,C9,54FRPX,22-Nov,Porites sp.,Bay Transplant,Bay,Reef,Transplant,Foreign,54DBPP
198280,C10CW22,coral_field,12.06624,-68.86019,5,,T1,C10CW22,C10,55FRPX,22-Nov,Porites sp.,Bay Transplant,Bay,Reef,Transplant,Foreign,55DBPP
198281,C11CW22,coral_field,12.06624,-68.86019,5,,T1,C11CW22,C11,56FRPX,22-Nov,Porites sp.,Bay Transplant,Bay,Reef,Transplant,Foreign,56DBPP
198282,C12CW22,coral_field,12.06624,-68.86019,5,,T1,C12CW22,C12,57FRPX,22-Nov,Porites sp.,Bay Transplant,Bay,Reef,Transplant,Foreign,57DBPP
198283,D1CW22,coral_field,12.06624,-68.86019,5,,T1,D1CW22,D1,58FRPX,22-Nov,Porites sp.,Bay Transplant,Bay,Reef,Transplant,Foreign,58DBPP
198284,D2CW22,coral_field,12.06624,-68.86019,5,,T1,D2CW22,D2,59FRPX,22-Nov,Porites sp.,Bay Transplant,Bay,Reef,Transplant,Foreign,59DBPP
198285,D3CW22,coral_field,12.06624,-68.86019,5,,T1,D3CW22,D3,60FRPX,22-Nov,Porites sp.,Bay Transplant,Bay,Reef,Transplant,Foreign,60DBPP
198306,E12CW22,coral_field,12.07093,-68.8585,1,,T1,E12CW22,E12,71FBPX,22-Nov,Porites sp.,Reef Transplant,Reef,Bay,Transplant,Foreign,71DRPP
198307,F1CW22,coral_field,12.07093,-68.8585,1,,T1,F1CW22,F1,72FBPX,22-Nov,Porites sp.,Reef Transplant,Reef,Bay,Transplant,Foreign,72DRPP
198308,F2CW22,coral_field,12.07093,-68.8585,1,,T1,F2CW22,F2,73FBPX,22-Nov,Porites sp.,Reef Transplant,Reef,Bay,Transplant,Foreign,73DRPP
198309,F3CW22,coral_field,12.07093,-68.8585,1,,T1,F3CW22,F3,74FBPX,22-Nov,Porites sp.,Reef Transplant,Reef,Bay,Transplant,Foreign,74DRPP
198310,F4CW22,coral_field,12.07093,-68.8585,1,,T1,F4CW22,F4,75FBPX,22-Nov,Porites sp.,Reef Transplant,Reef,Bay,Transplant,Foreign,75DRPP
198311,F5CW22,coral_field,12.07093,-68.8585,1,,T1,F5CW22,F5,76FBPX,22-Nov,Porites sp.,Reef Transplant,Reef,Bay,Transplant,Foreign,76DRPP
198312,F6CW22,coral_field,12.07093,-68.8585,1,,T1,F6CW22,F6,77FBPX,22-Nov,Porites sp.,Reef Transplant,Reef,Bay,Transplant,Foreign,77DRPP
198313,F7CW22,coral_field,12.07093,-68.8585,1,,T1,F7CW22,F7,78FBPX,22-Nov,Porites sp.,Reef Transplant,Reef,Bay,Transplant,Foreign,78DRPP
198314,F8CW22,coral_field,12.07093,-68.8585,1,,T1,F8CW22,F8,79FBPX,22-Nov,Porites sp.,Reef Transplant,Reef,Bay,Transplant,Foreign,79DRPP
198315,F9CW22,coral_field,12.07093,-68.8585,1,,T1,F9CW22,F9,80FBPX,22-Nov,Porites sp.,Reef Transplant,Reef,Bay,Transplant,Foreign,80DRPP
198266,B8CW22,coral_field,12.07093,-68.8585,1,,T1,B8CW22,B8,51HBSX,22-Nov,Siderastrea siderea,Bay Native,Bay,Bay,Native,Home,41DBSS
198267,B9CW22,coral_field,12.07093,-68.8585,1,,T1,B9CW22,B9,52HBSX,22-Nov,Siderastrea siderea,Bay Native,Bay,Bay,Native,Home,42DBSS
198268,B10CW22,coral_field,12.07093,-68.8585,1,,T1,B10CW22,B10,53HBSX,22-Nov,Siderastrea siderea,Bay Native,Bay,Bay,Native,Home,43DBSS
198269,B11CW22,coral_field,12.07093,-68.8585,1,,T1,B11CW22,B11,54HBSX,22-Nov,Siderastrea siderea,Bay Native,Bay,Bay,Native,Home,44DBSS
198270,B12CW22,coral_field,12.07093,-68.8585,1,,T1,B12CW22,B12,55HBSX,22-Nov,Siderastrea siderea,Bay Native,Bay,Bay,Native,Home,45DBSS
198271,C1CW22,coral_field,12.07093,-68.8585,1,,T1,C1CW22,C1,56HBSX,22-Nov,Siderastrea siderea,Bay Native,Bay,Bay,Native,Home,46DBSS
198272,C2CW22,coral_field,12.07093,-68.8585,1,,T1,C2CW22,C2,57HBSX,22-Nov,Siderastrea siderea,Bay Native,Bay,Bay,Native,Home,47DBSS
198273,C3CW22,coral_field,12.07093,-68.8585,1,,T1,C3CW22,C3,58HBSX,22-Nov,Siderastrea siderea,Bay Native,Bay,Bay,Native,Home,48DBSS
198274,C4CW22,coral_field,12.07093,-68.8585,1,,T1,C4CW22,C4,59HBSX,22-Nov,Siderastrea siderea,Bay Native,Bay,Bay,Native,Home,49DBSS
198275,C5CW22,coral_field,12.07093,-68.8585,1,,T1,C5CW22,C5,60HBSX,22-Nov,Siderastrea siderea,Bay Native,Bay,Bay,Native,Home,50DBSS
198296,E2CW22,coral_field,12.06624,-68.86019,5,,T1,E2CW22,E2,61HRSX,22-Nov,Siderastrea siderea,Reef Native,Reef,Reef,Native,Home,61DRSS
198297,E3CW22,coral_field,12.06624,-68.86019,5,,T1,E3CW22,E3,62HRSX,22-Nov,Siderastrea siderea,Reef Native,Reef,Reef,Native,Home,62DRSS
198298,E4CW22,coral_field,12.06624,-68.86019,5,,T1,E4CW22,E4,63HRSX,22-Nov,Siderastrea siderea,Reef Native,Reef,Reef,Native,Home,63DRSS
198299,E5CW22,coral_field,12.06624,-68.86019,5,,T1,E5CW22,E5,64HRSX,22-Nov,Siderastrea siderea,Reef Native,Reef,Reef,Native,Home,64DRSS
198300,E6CW22,coral_field,12.06624,-68.86019,5,,T1,E6CW22,E6,65HRSX,22-Nov,Siderastrea siderea,Reef Native,Reef,Reef,Native,Home,65DRSS
198301,E7CW22,coral_field,12.06624,-68.86019,5,,T1,E7CW22,E7,66HRSX,22-Nov,Siderastrea siderea,Reef Native,Reef,Reef,Native,Home,66DRSS
198302,E8CW22,coral_field,12.06624,-68.86019,5,,T1,E8CW22,E8,67HRSX,22-Nov,Siderastrea siderea,Reef Native,Reef,Reef,Native,Home,67DRSS
198303,E9CW22,coral_field,12.06624,-68.86019,5,,T1,E9CW22,E9,68HRSX,22-Nov,Siderastrea siderea,Reef Native,Reef,Reef,Native,Home,68DRSS
198304,E10CW22,coral_field,12.06624,-68.86019,5,,T1,E10CW22,E10,69HRSX,22-Nov,Siderastrea siderea,Reef Native,Reef,Reef,Native,Home,69DRSS
198305,E11CW22,coral_field,12.06624,-68.86019,5,,T1,E11CW22,E11,70HRSX,22-Nov,Siderastrea siderea,Reef Native,Reef,Reef,Native,Home,70DRSS
198256,A10CW22,coral_field,12.06624,-68.86019,5,,T1,A10CW22,A10,41FRSX,22-Nov,Siderastrea siderea,Bay Transplant,Bay,Reef,Transplant,Foreign,41DBSS
198257,A11CW22,coral_field,12.06624,-68.86019,5,,T1,A11CW22,A11,42FRSX,22-Nov,Siderastrea siderea,Bay Transplant,Bay,Reef,Transplant,Foreign,42DBSS
198258,A12CW22,coral_field,12.06624,-68.86019,5,,T1,A12CW22,A12,43FRSX,22-Nov,Siderastrea siderea,Bay Transplant,Bay,Reef,Transplant,Foreign,43DBSS
198259,B1CW22,coral_field,12.06624,-68.86019,5,,T1,B1CW22,B1,44FRSX,22-Nov,Siderastrea siderea,Bay Transplant,Bay,Reef,Transplant,Foreign,44DBSS
198260,B2CW22,coral_field,12.06624,-68.86019,5,,T1,B2CW22,B2,45FRSX,22-Nov,Siderastrea siderea,Bay Transplant,Bay,Reef,Transplant,Foreign,45DBSS
198261,B3CW22,coral_field,12.06624,-68.86019,5,,T1,B3CW22,B3,46FRSX,22-Nov,Siderastrea siderea,Bay Transplant,Bay,Reef,Transplant,Foreign,46DBSS
198262,B4CW22,coral_field,12.06624,-68.86019,5,,T1,B4CW22,B4,47FRSX,22-Nov,Siderastrea siderea,Bay Transplant,Bay,Reef,Transplant,Foreign,47DBSS
198263,B5CW22,coral_field,12.06624,-68.86019,5,,T1,B5CW22,B5,48FRSX,22-Nov,Siderastrea siderea,Bay Transplant,Bay,Reef,Transplant,Foreign,48DBSS
198264,B6CW22,coral_field,12.06624,-68.86019,5,,T1,B6CW22,B6,49FRSX,22-Nov,Siderastrea siderea,Bay Transplant,Bay,Reef,Transplant,Foreign,49DBSS
198265,B7CW22,coral_field,12.06624,-68.86019,5,,T1,B7CW22,B7,50FRSX,22-Nov,Siderastrea siderea,Bay Transplant,Bay,Reef,Transplant,Foreign,50DBSS
198286,D4CW22,coral_field,12.07093,-68.8585,1,,T1,D4CW22,D4,61FBSX,22-Nov,Siderastrea siderea,Reef Transplant,Reef,Bay,Transplant,Foreign,61DRSS
198287,D5CW22,coral_field,12.07093,-68.8585,1,,T1,D5CW22,D5,62FBSX,22-Nov,Siderastrea siderea,Reef Transplant,Reef,Bay,Transplant,Foreign,62DRSS
198288,D6CW22,coral_field,12.07093,-68.8585,1,,T1,D6CW22,D6,63FBSX,22-Nov,Siderastrea siderea,Reef Transplant,Reef,Bay,Transplant,Foreign,63DRSS
198289,D7CW22,coral_field,12.07093,-68.8585,1,,T1,D7CW22,D7,64FBSX,22-Nov,Siderastrea siderea,Reef Transplant,Reef,Bay,Transplant,Foreign,64DRSS
198290,D8CW22,coral_field,12.07093,-68.8585,1,,T1,D8CW22,D8,65FBSX,22-Nov,Siderastrea siderea,Reef Transplant,Reef,Bay,Transplant,Foreign,65DRSS
198291,D9CW22,coral_field,12.07093,-68.8585,1,,T1,D9CW22,D9,66FBSX,22-Nov,Siderastrea siderea,Reef Transplant,Reef,Bay,Transplant,Foreign,66DRSS
198292,D10CW22,coral_field,12.07093,-68.8585,1,,T1,D10CW22,D10,67FBSX,22-Nov,Siderastrea siderea,Reef Transplant,Reef,Bay,Transplant,Foreign,67DRSS
198293,D11CW22,coral_field,12.07093,-68.8585,1,,T1,D11CW22,D11,68FBSX,22-Nov,Siderastrea siderea,Reef Transplant,Reef,Bay,Transplant,Foreign,68DRSS
198294,D12CW22,coral_field,12.07093,-68.8585,1,,T1,D12CW22,D12,69FBSX,22-Nov,Siderastrea siderea,Reef Transplant,Reef,Bay,Transplant,Foreign,69DRSS
198295,E1CW22,coral_field,12.07093,-68.8585,1,,T1,E1CW22,E1,70FBSX,22-Nov,Siderastrea siderea,Reef Transplant,Reef,Bay,Transplant,Foreign,70DRSS
198327,A1CW23,coral_field,12.07093,-68.8585,1,,T2,A1CW23,A1,41HBPY,23-Jun,Porites sp.,Bay Native,Bay,Bay,Native,Home,51DBPP
198328,A2CW23,coral_field,12.07093,-68.8585,1,,T2,A2CW23,A2,42HBPY,23-Jun,Porites sp.,Bay Native,Bay,Bay,Native,Home,52DBPP
198329,A3CW23,coral_field,12.07093,-68.8585,1,,T2,A3CW23,A3,43HBPY,23-Jun,Porites sp.,Bay Native,Bay,Bay,Native,Home,53DBPP
198330,A4CW23,coral_field,12.07093,-68.8585,1,,T2,A4CW23,A4,44HBPY,23-Jun,Porites sp.,Bay Native,Bay,Bay,Native,Home,54DBPP
198331,A5CW23,coral_field,12.07093,-68.8585,1,,T2,A5CW23,A5,45HBPY,23-Jun,Porites sp.,Bay Native,Bay,Bay,Native,Home,55DBPP
198332,A6CW23,coral_field,12.07093,-68.8585,1,,T2,A6CW23,A6,46HBPY,23-Jun,Porites sp.,Bay Native,Bay,Bay,Native,Home,56DBPP
198333,A7CW23,coral_field,12.07093,-68.8585,1,,T2,A7CW23,A7,47HBPY,23-Jun,Porites sp.,Bay Native,Bay,Bay,Native,Home,57DBPP
198334,A8CW23,coral_field,12.07093,-68.8585,1,,T2,A8CW23,A8,48HBPY,23-Jun,Porites sp.,Bay Native,Bay,Bay,Native,Home,58DBPP
198335,A9CW23,coral_field,12.07093,-68.8585,1,,T2,A9CW23,A9,49HBPY,23-Jun,Porites sp.,Bay Native,Bay,Bay,Native,Home,59DBPP
198393,F7CW23,coral_field,12.06624,-68.86019,5,,T2,F7CW23,F7,71HRPY,23-Jun,Porites sp.,Reef Native,Reef,Reef,Native,Home,71DRPP
198394,F8CW23,coral_field,12.06624,-68.86019,5,,T2,F8CW23,F8,72HRPY,23-Jun,Porites sp.,Reef Native,Reef,Reef,Native,Home,72DRPP
198395,F9CW23,coral_field,12.06624,-68.86019,5,,T2,F9CW23,F9,73HRPY,23-Jun,Porites sp.,Reef Native,Reef,Reef,Native,Home,73DRPP
198396,F10CW23,coral_field,12.06624,-68.86019,5,,T2,F10CW23,F10,74HRPY,23-Jun,Porites sp.,Reef Native,Reef,Reef,Native,Home,74DRPP
198397,F11CW23,coral_field,12.06624,-68.86019,5,,T2,F11CW23,F11,75HRPY,23-Jun,Porites sp.,Reef Native,Reef,Reef,Native,Home,75DRPP
198398,F12CW23,coral_field,12.06624,-68.86019,5,,T2,F12CW23,F12,76HRPY,23-Jun,Porites sp.,Reef Native,Reef,Reef,Native,Home,76DRPP
198399,G1CW23,coral_field,12.06624,-68.86019,5,,T2,G1CW23,G1,77HRPY,23-Jun,Porites sp.,Reef Native,Reef,Reef,Native,Home,77DRPP
198400,G2CW23,coral_field,12.06624,-68.86019,5,,T2,G2CW23,G2,78HRPY,23-Jun,Porites sp.,Reef Native,Reef,Reef,Native,Home,78DRPP
198401,G3CW23,coral_field,12.06624,-68.86019,5,,T2,G3CW23,G3,79HRPY,23-Jun,Porites sp.,Reef Native,Reef,Reef,Native,Home,79DRPP
198356,C6CW23,coral_field,12.06624,-68.86019,5,,T2,C6CW23,C6,51FRPY,23-Jun,Porites sp.,Bay Transplant,Bay,Reef,Transplant,Foreign,51DBPP
198357,C7CW23,coral_field,12.06624,-68.86019,5,,T2,C7CW23,C7,52FRPY,23-Jun,Porites sp.,Bay Transplant,Bay,Reef,Transplant,Foreign,52DBPP
198358,C8CW23,coral_field,12.06624,-68.86019,5,,T2,C8CW23,C8,53FRPY,23-Jun,Porites sp.,Bay Transplant,Bay,Reef,Transplant,Foreign,53DBPP
198359,C9CW23,coral_field,12.06624,-68.86019,5,,T2,C9CW23,C9,54FRPY,23-Jun,Porites sp.,Bay Transplant,Bay,Reef,Transplant,Foreign,54DBPP
198360,C10CW23,coral_field,12.06624,-68.86019,5,,T2,C10CW23,C10,55FRPY,23-Jun,Porites sp.,Bay Transplant,Bay,Reef,Transplant,Foreign,55DBPP
198361,C11CW23,coral_field,12.06624,-68.86019,5,,T2,C11CW23,C11,56FRPY,23-Jun,Porites sp.,Bay Transplant,Bay,Reef,Transplant,Foreign,56DBPP
198362,C12CW23,coral_field,12.06624,-68.86019,5,,T2,C12CW23,C12,57FRPY,23-Jun,Porites sp.,Bay Transplant,Bay,Reef,Transplant,Foreign,57DBPP
198383,E9CW23,coral_field,12.07093,-68.8585,1,,T2,E9CW23,E9,71FBPY,23-Jun,Porites sp.,Reef Transplant,Reef,Bay,Transplant,Foreign,71DRPP
198384,E10CW23,coral_field,12.07093,-68.8585,1,,T2,E10CW23,E10,72FBPY,23-Jun,Porites sp.,Reef Transplant,Reef,Bay,Transplant,Foreign,72DRPP
198385,E11CW23,coral_field,12.07093,-68.8585,1,,T2,E11CW23,E11,73FBPY,23-Jun,Porites sp.,Reef Transplant,Reef,Bay,Transplant,Foreign,73DRPP
198386,E12CW23,coral_field,12.07093,-68.8585,1,,T2,E12CW23,E12,74FBPY,23-Jun,Porites sp.,Reef Transplant,Reef,Bay,Transplant,Foreign,74DRPP
198387,F1CW23,coral_field,12.07093,-68.8585,1,,T2,F1CW23,F1,75FBPY,23-Jun,Porites sp.,Reef Transplant,Reef,Bay,Transplant,Foreign,75DRPP
198388,F2CW23,coral_field,12.07093,-68.8585,1,,T2,F2CW23,F2,76FBPY,23-Jun,Porites sp.,Reef Transplant,Reef,Bay,Transplant,Foreign,76DRPP
198389,F3CW23,coral_field,12.07093,-68.8585,1,,T2,F3CW23,F3,77FBPY,23-Jun,Porites sp.,Reef Transplant,Reef,Bay,Transplant,Foreign,77DRPP
198390,F4CW23,coral_field,12.07093,-68.8585,1,,T2,F4CW23,F4,78FBPY,23-Jun,Porites sp.,Reef Transplant,Reef,Bay,Transplant,Foreign,78DRPP
198391,F5CW23,coral_field,12.07093,-68.8585,1,,T2,F5CW23,F5,79FBPY,23-Jun,Porites sp.,Reef Transplant,Reef,Bay,Transplant,Foreign,79DRPP
198392,F6CW23,coral_field,12.07093,-68.8585,1,,T2,F6CW23,F6,80FBPY,23-Jun,Porites sp.,Reef Transplant,Reef,Bay,Transplant,Foreign,80DRPP
198346,B8CW23,coral_field,12.07093,-68.8585,1,,T2,B8CW23,B8,51HBSY,23-Jun,Siderastrea siderea,Bay Native,Bay,Bay,Native,Home,41DBSS
198347,B9CW23,coral_field,12.07093,-68.8585,1,,T2,B9CW23,B9,52HBSY,23-Jun,Siderastrea siderea,Bay Native,Bay,Bay,Native,Home,42DBSS
198348,B10CW23,coral_field,12.07093,-68.8585,1,,T2,B10CW23,B10,53HBSY,23-Jun,Siderastrea siderea,Bay Native,Bay,Bay,Native,Home,43DBSS
198349,B11CW23,coral_field,12.07093,-68.8585,1,,T2,B11CW23,B11,54HBSY,23-Jun,Siderastrea siderea,Bay Native,Bay,Bay,Native,Home,44DBSS
198350,B12CW23,coral_field,12.07093,-68.8585,1,,T2,B12CW23,B12,55HBSY,23-Jun,Siderastrea siderea,Bay Native,Bay,Bay,Native,Home,45DBSS
198351,C1CW23,coral_field,12.07093,-68.8585,1,,T2,C1CW23,C1,56HBSY,23-Jun,Siderastrea siderea,Bay Native,Bay,Bay,Native,Home,46DBSS
198352,C2CW23,coral_field,12.07093,-68.8585,1,,T2,C2CW23,C2,57HBSY,23-Jun,Siderastrea siderea,Bay Native,Bay,Bay,Native,Home,47DBSS
198353,C3CW23,coral_field,12.07093,-68.8585,1,,T2,C3CW23,C3,58HBSY,23-Jun,Siderastrea siderea,Bay Native,Bay,Bay,Native,Home,48DBSS
198354,C4CW23,coral_field,12.07093,-68.8585,1,,T2,C4CW23,C4,59HBSY,23-Jun,Siderastrea siderea,Bay Native,Bay,Bay,Native,Home,49DBSS
198355,C5CW23,coral_field,12.07093,-68.8585,1,,T2,C5CW23,C5,60HBSY,23-Jun,Siderastrea siderea,Bay Native,Bay,Bay,Native,Home,50DBSS
198373,D11CW23,coral_field,12.06624,-68.86019,5,,T2,D11CW23,D11,61HRSY,23-Jun,Siderastrea siderea,Reef Native,Reef,Reef,Native,Home,61DRSS
198374,D12CW23,coral_field,12.06624,-68.86019,5,,T2,D12CW23,D12,62HRSY,23-Jun,Siderastrea siderea,Reef Native,Reef,Reef,Native,Home,62DRSS
198375,E1CW23,coral_field,12.06624,-68.86019,5,,T2,E1CW23,E1,63HRSY,23-Jun,Siderastrea siderea,Reef Native,Reef,Reef,Native,Home,63DRSS
198376,E2CW23,coral_field,12.06624,-68.86019,5,,T2,E2CW23,E2,64HRSY,23-Jun,Siderastrea siderea,Reef Native,Reef,Reef,Native,Home,64DRSS
198377,E3CW23,coral_field,12.06624,-68.86019,5,,T2,E3CW23,E3,65HRSY,23-Jun,Siderastrea siderea,Reef Native,Reef,Reef,Native,Home,65DRSS
198378,E4CW23,coral_field,12.06624,-68.86019,5,,T2,E4CW23,E4,66HRSY,23-Jun,Siderastrea siderea,Reef Native,Reef,Reef,Native,Home,66DRSS
198379,E5CW23,coral_field,12.06624,-68.86019,5,,T2,E5CW23,E5,67HRSY,23-Jun,Siderastrea siderea,Reef Native,Reef,Reef,Native,Home,67DRSS
198380,E6CW23,coral_field,12.06624,-68.86019,5,,T2,E6CW23,E6,68HRSY,23-Jun,Siderastrea siderea,Reef Native,Reef,Reef,Native,Home,68DRSS
198381,E7CW23,coral_field,12.06624,-68.86019,5,,T2,E7CW23,E7,69HRSY,23-Jun,Siderastrea siderea,Reef Native,Reef,Reef,Native,Home,69DRSS
198382,E8CW23,coral_field,12.06624,-68.86019,5,,T2,E8CW23,E8,70HRSY,23-Jun,Siderastrea siderea,Reef Native,Reef,Reef,Native,Home,70DRSS
198336,A10CW23,coral_field,12.06624,-68.86019,5,,T2,A10CW23,A10,41FRSY,23-Jun,Siderastrea siderea,Bay Transplant,Bay,Reef,Transplant,Foreign,41DBSS
198337,A11CW23,coral_field,12.06624,-68.86019,5,,T2,A11CW23,A11,42FRSY,23-Jun,Siderastrea siderea,Bay Transplant,Bay,Reef,Transplant,Foreign,42DBSS
198338,A12CW23,coral_field,12.06624,-68.86019,5,,T2,A12CW23,A12,43FRSY,23-Jun,Siderastrea siderea,Bay Transplant,Bay,Reef,Transplant,Foreign,43DBSS
198339,B1CW23,coral_field,12.06624,-68.86019,5,,T2,B1CW23,B1,44FRSY,23-Jun,Siderastrea siderea,Bay Transplant,Bay,Reef,Transplant,Foreign,44DBSS
198340,B2CW23,coral_field,12.06624,-68.86019,5,,T2,B2CW23,B2,45FRSY,23-Jun,Siderastrea siderea,Bay Transplant,Bay,Reef,Transplant,Foreign,45DBSS
198341,B3CW23,coral_field,12.06624,-68.86019,5,,T2,B3CW23,B3,46FRSY,23-Jun,Siderastrea siderea,Bay Transplant,Bay,Reef,Transplant,Foreign,46DBSS
198342,B4CW23,coral_field,12.06624,-68.86019,5,,T2,B4CW23,B4,47FRSY,23-Jun,Siderastrea siderea,Bay Transplant,Bay,Reef,Transplant,Foreign,47DBSS
198343,B5CW23,coral_field,12.06624,-68.86019,5,,T2,B5CW23,B5,48FRSY,23-Jun,Siderastrea siderea,Bay Transplant,Bay,Reef,Transplant,Foreign,48DBSS
198344,B6CW23,coral_field,12.06624,-68.86019,5,,T2,B6CW23,B6,49FRSY,23-Jun,Siderastrea siderea,Bay Transplant,Bay,Reef,Transplant,Foreign,49DBSS
198345,B7CW23,coral_field,12.06624,-68.86019,5,,T2,B7CW23,B7,50FRSY,23-Jun,Siderastrea siderea,Bay Transplant,Bay,Reef,Transplant,Foreign,50DBSS
198363,D1CW23,coral_field,12.07093,-68.8585,1,,T2,D1CW23,D1,61FBSY,23-Jun,Siderastrea siderea,Reef Transplant,Reef,Bay,Transplant,Foreign,61DRSS
198364,D2CW23,coral_field,12.07093,-68.8585,1,,T2,D2CW23,D2,62FBSY,23-Jun,Siderastrea siderea,Reef Transplant,Reef,Bay,Transplant,Foreign,62DRSS
198365,D3CW23,coral_field,12.07093,-68.8585,1,,T2,D3CW23,D3,63FBSY,23-Jun,Siderastrea siderea,Reef Transplant,Reef,Bay,Transplant,Foreign,63DRSS
198366,D4CW23,coral_field,12.07093,-68.8585,1,,T2,D4CW23,D4,64FBSY,23-Jun,Siderastrea siderea,Reef Transplant,Reef,Bay,Transplant,Foreign,64DRSS
198367,H12CW23,coral_field,12.07093,-68.8585,1,,T2,H12CW23,H12,65FBSY,23-Jun,Siderastrea siderea,Reef Transplant,Reef,Bay,Transplant,Foreign,65DRSS
198368,D6CW23,coral_field,12.07093,-68.8585,1,,T2,D6CW23,D6,66FBSY,23-Jun,Siderastrea siderea,Reef Transplant,Reef,Bay,Transplant,Foreign,66DRSS
198369,D7CW23,coral_field,12.07093,-68.8585,1,,T2,D7CW23,D7,67FBSY,23-Jun,Siderastrea siderea,Reef Transplant,Reef,Bay,Transplant,Foreign,67DRSS
198370,D8CW23,coral_field,12.07093,-68.8585,1,,T2,D8CW23,D8,68FBSY,23-Jun,Siderastrea siderea,Reef Transplant,Reef,Bay,Transplant,Foreign,68DRSS
198371,D9CW23,coral_field,12.07093,-68.8585,1,,T2,D9CW23,D9,69FBSY,23-Jun,Siderastrea siderea,Reef Transplant,Reef,Bay,Transplant,Foreign,69DRSS
198372,D10CW23,coral_field,12.07093,-68.8585,1,,T2,D10CW23,D10,70FBSY,23-Jun,Siderastrea siderea,Reef Transplant,Reef,Bay,Transplant,Foreign,70DRSS